version,scene,backend,round,frame,frame_wall_ms
after,blender_classroom,d3d12,1,0,4965.433800
after,blender_classroom,d3d12,1,1,322.803800
after,blender_classroom,d3d12,1,2,313.244300
after,blender_classroom,d3d12,1,3,322.660000
after,blender_classroom,d3d12,1,4,313.130500
after,blender_classroom,d3d12,1,5,319.103800
after,blender_classroom,d3d12,1,6,316.579300
after,blender_classroom,d3d12,1,7,321.822400
after,blender_classroom,d3d12,1,8,315.789500
after,blender_classroom,d3d12,1,9,329.088700
after,blender_classroom,d3d12,1,10,317.248200
after,blender_classroom,d3d12,1,11,318.029200
after,blender_classroom,d3d12,1,12,316.167000
after,blender_classroom,d3d12,1,13,315.599100
after,blender_classroom,d3d12,1,14,332.383500
after,blender_classroom,d3d12,1,15,313.134200
after,blender_classroom,d3d12,1,16,314.111900
after,blender_classroom,d3d12,1,17,317.272200
after,blender_classroom,d3d12,1,18,315.929300
after,blender_classroom,d3d12,1,19,326.555200
after,blender_classroom,d3d12,1,20,316.895400
after,blender_classroom,d3d12,1,21,310.798500
after,blender_classroom,d3d12,1,22,313.123900
after,blender_classroom,d3d12,1,23,311.873500
after,blender_classroom,d3d12,1,24,312.012500
after,blender_classroom,d3d12,1,25,309.128600
after,blender_classroom,d3d12,1,26,316.638100
after,blender_classroom,d3d12,1,27,320.333100
after,blender_classroom,d3d12,1,28,322.127600
after,blender_classroom,d3d12,1,29,312.965300
after,blender_classroom,d3d12,1,30,323.209700
after,blender_classroom,d3d12,1,31,312.091200
after,blender_classroom,d3d12,1,32,310.562600
after,blender_classroom,d3d12,1,33,314.004700
after,blender_classroom,d3d12,1,34,311.391800
after,blender_classroom,d3d12,1,35,313.495900
after,blender_classroom,d3d12,1,36,317.611000
after,blender_classroom,d3d12,1,37,324.430600
after,blender_classroom,d3d12,1,38,308.496700
after,blender_classroom,d3d12,1,39,316.092200
after,blender_classroom,d3d12,1,40,314.519000
after,blender_classroom,d3d12,1,41,312.092700
after,blender_classroom,d3d12,1,42,307.784800
after,blender_classroom,d3d12,1,43,319.492000
after,blender_classroom,d3d12,1,44,317.665400
after,blender_classroom,d3d12,1,45,317.238900
after,blender_classroom,d3d12,1,46,319.708800
after,blender_classroom,d3d12,1,47,314.863300
after,blender_classroom,d3d12,1,48,313.921900
after,blender_classroom,d3d12,1,49,315.013300
after,blender_classroom,d3d12,1,50,317.812300
after,blender_classroom,d3d12,1,51,316.067700
after,blender_classroom,d3d12,1,52,323.251900
after,blender_classroom,d3d12,1,53,317.586100
after,blender_classroom,d3d12,1,54,318.478400
after,blender_classroom,d3d12,1,55,314.817100
after,blender_classroom,d3d12,1,56,317.852000
after,blender_classroom,d3d12,1,57,315.952100
after,blender_classroom,d3d12,1,58,314.398900
after,blender_classroom,d3d12,1,59,318.235100
after,blender_classroom,d3d12,1,60,324.512000
after,blender_classroom,d3d12,1,61,326.012000
after,blender_classroom,d3d12,1,62,320.343600
after,blender_classroom,d3d12,1,63,314.251900
after,blender_classroom,d3d12,1,64,314.490700
after,blender_classroom,d3d12,1,65,312.715000
after,blender_classroom,d3d12,1,66,311.848000
after,blender_classroom,d3d12,1,67,308.020800
after,blender_classroom,d3d12,1,68,322.985500
after,blender_classroom,d3d12,1,69,317.952800
after,blender_classroom,d3d12,1,70,314.933400
after,blender_classroom,d3d12,1,71,319.048800
after,blender_classroom,d3d12,1,72,317.663900
after,blender_classroom,d3d12,1,73,318.378100
after,blender_classroom,d3d12,1,74,319.520400
after,blender_classroom,d3d12,1,75,319.077600
after,blender_classroom,d3d12,1,76,318.826300
after,blender_classroom,d3d12,1,77,312.983900
after,blender_classroom,d3d12,1,78,321.312100
after,blender_classroom,d3d12,1,79,319.617600
after,blender_classroom,d3d12,1,80,312.817100
after,blender_classroom,d3d12,1,81,325.243600
after,blender_classroom,d3d12,1,82,318.636200
after,blender_classroom,d3d12,1,83,313.023000
after,blender_classroom,d3d12,1,84,318.288300
after,blender_classroom,d3d12,1,85,312.270100
after,blender_classroom,d3d12,1,86,313.769900
after,blender_classroom,d3d12,1,87,317.288300
after,blender_classroom,d3d12,1,88,313.310000
after,blender_classroom,d3d12,1,89,316.498300
after,blender_classroom,d3d12,1,90,311.416100
after,blender_classroom,d3d12,1,91,325.767900
after,blender_classroom,d3d12,1,92,319.418300
after,blender_classroom,d3d12,1,93,315.951200
after,blender_classroom,d3d12,1,94,328.514200
after,blender_classroom,d3d12,1,95,312.851800
after,blender_classroom,d3d12,1,96,311.871600
after,blender_classroom,d3d12,1,97,318.608800
after,blender_classroom,d3d12,1,98,315.327600
after,blender_classroom,d3d12,1,99,320.526400
after,blender_classroom,d3d12,1,100,317.154100
after,blender_classroom,d3d12,1,101,318.312800
after,blender_classroom,d3d12,1,102,307.787100
after,blender_classroom,d3d12,1,103,317.090100
after,blender_classroom,d3d12,1,104,311.105600
after,blender_classroom,d3d12,1,105,313.816300
after,blender_classroom,d3d12,1,106,323.829400
after,blender_classroom,d3d12,1,107,337.419400
after,blender_classroom,d3d12,1,108,331.384600
after,blender_classroom,d3d12,1,109,331.901300
after,blender_classroom,d3d12,1,110,319.353600
after,blender_classroom,d3d12,1,111,319.712700
after,blender_classroom,d3d12,1,112,317.653200
after,blender_classroom,d3d12,1,113,316.410200
after,blender_classroom,d3d12,1,114,320.360800
after,blender_classroom,d3d12,1,115,320.006900
after,blender_classroom,d3d12,1,116,318.275700
after,blender_classroom,d3d12,1,117,314.701600
after,blender_classroom,d3d12,1,118,308.999400
after,blender_classroom,d3d12,1,119,316.250000
after,blender_classroom,d3d12,2,0,5008.469700
after,blender_classroom,d3d12,2,1,321.447000
after,blender_classroom,d3d12,2,2,314.566200
after,blender_classroom,d3d12,2,3,318.136000
after,blender_classroom,d3d12,2,4,315.573100
after,blender_classroom,d3d12,2,5,315.234400
after,blender_classroom,d3d12,2,6,314.804500
after,blender_classroom,d3d12,2,7,319.938900
after,blender_classroom,d3d12,2,8,317.318700
after,blender_classroom,d3d12,2,9,315.367200
after,blender_classroom,d3d12,2,10,315.623100
after,blender_classroom,d3d12,2,11,313.559900
after,blender_classroom,d3d12,2,12,318.429400
after,blender_classroom,d3d12,2,13,317.900900
after,blender_classroom,d3d12,2,14,312.855900
after,blender_classroom,d3d12,2,15,313.343400
after,blender_classroom,d3d12,2,16,313.132100
after,blender_classroom,d3d12,2,17,310.203100
after,blender_classroom,d3d12,2,18,308.256900
after,blender_classroom,d3d12,2,19,313.916600
after,blender_classroom,d3d12,2,20,312.327800
after,blender_classroom,d3d12,2,21,318.940400
after,blender_classroom,d3d12,2,22,314.802200
after,blender_classroom,d3d12,2,23,317.433100
after,blender_classroom,d3d12,2,24,316.780900
after,blender_classroom,d3d12,2,25,316.684400
after,blender_classroom,d3d12,2,26,321.090200
after,blender_classroom,d3d12,2,27,312.832200
after,blender_classroom,d3d12,2,28,321.313300
after,blender_classroom,d3d12,2,29,318.572500
after,blender_classroom,d3d12,2,30,321.152900
after,blender_classroom,d3d12,2,31,322.964600
after,blender_classroom,d3d12,2,32,318.708800
after,blender_classroom,d3d12,2,33,314.338000
after,blender_classroom,d3d12,2,34,318.531400
after,blender_classroom,d3d12,2,35,312.684100
after,blender_classroom,d3d12,2,36,319.395200
after,blender_classroom,d3d12,2,37,317.199900
after,blender_classroom,d3d12,2,38,315.952300
after,blender_classroom,d3d12,2,39,316.892100
after,blender_classroom,d3d12,2,40,319.066000
after,blender_classroom,d3d12,2,41,320.975100
after,blender_classroom,d3d12,2,42,312.224500
after,blender_classroom,d3d12,2,43,313.691700
after,blender_classroom,d3d12,2,44,316.002200
after,blender_classroom,d3d12,2,45,316.860400
after,blender_classroom,d3d12,2,46,315.974700
after,blender_classroom,d3d12,2,47,311.449000
after,blender_classroom,d3d12,2,48,316.502000
after,blender_classroom,d3d12,2,49,340.503100
after,blender_classroom,d3d12,2,50,313.648900
after,blender_classroom,d3d12,2,51,316.607600
after,blender_classroom,d3d12,2,52,319.337200
after,blender_classroom,d3d12,2,53,317.082300
after,blender_classroom,d3d12,2,54,313.673000
after,blender_classroom,d3d12,2,55,317.564400
after,blender_classroom,d3d12,2,56,316.263100
after,blender_classroom,d3d12,2,57,308.330300
after,blender_classroom,d3d12,2,58,311.427300
after,blender_classroom,d3d12,2,59,319.147100
after,blender_classroom,d3d12,2,60,318.439500
after,blender_classroom,d3d12,2,61,316.634700
after,blender_classroom,d3d12,2,62,316.264800
after,blender_classroom,d3d12,2,63,310.504500
after,blender_classroom,d3d12,2,64,315.782800
after,blender_classroom,d3d12,2,65,317.184600
after,blender_classroom,d3d12,2,66,315.879300
after,blender_classroom,d3d12,2,67,319.297400
after,blender_classroom,d3d12,2,68,319.420700
after,blender_classroom,d3d12,2,69,320.660100
after,blender_classroom,d3d12,2,70,315.983400
after,blender_classroom,d3d12,2,71,320.381900
after,blender_classroom,d3d12,2,72,310.690200
after,blender_classroom,d3d12,2,73,316.611200
after,blender_classroom,d3d12,2,74,320.766400
after,blender_classroom,d3d12,2,75,319.922000
after,blender_classroom,d3d12,2,76,320.864900
after,blender_classroom,d3d12,2,77,308.211000
after,blender_classroom,d3d12,2,78,319.113600
after,blender_classroom,d3d12,2,79,319.032800
after,blender_classroom,d3d12,2,80,317.323000
after,blender_classroom,d3d12,2,81,310.892400
after,blender_classroom,d3d12,2,82,315.970300
after,blender_classroom,d3d12,2,83,311.268800
after,blender_classroom,d3d12,2,84,317.386000
after,blender_classroom,d3d12,2,85,317.225800
after,blender_classroom,d3d12,2,86,314.488700
after,blender_classroom,d3d12,2,87,317.182000
after,blender_classroom,d3d12,2,88,309.695300
after,blender_classroom,d3d12,2,89,319.021100
after,blender_classroom,d3d12,2,90,315.126600
after,blender_classroom,d3d12,2,91,318.588700
after,blender_classroom,d3d12,2,92,317.484600
after,blender_classroom,d3d12,2,93,313.793700
after,blender_classroom,d3d12,2,94,326.672500
after,blender_classroom,d3d12,2,95,314.829400
after,blender_classroom,d3d12,2,96,311.771300
after,blender_classroom,d3d12,2,97,326.174800
after,blender_classroom,d3d12,2,98,309.519600
after,blender_classroom,d3d12,2,99,311.656400
after,blender_classroom,d3d12,2,100,317.685700
after,blender_classroom,d3d12,2,101,316.470100
after,blender_classroom,d3d12,2,102,310.913800
after,blender_classroom,d3d12,2,103,319.679800
after,blender_classroom,d3d12,2,104,317.862700
after,blender_classroom,d3d12,2,105,319.504300
after,blender_classroom,d3d12,2,106,316.500900
after,blender_classroom,d3d12,2,107,312.486400
after,blender_classroom,d3d12,2,108,317.393300
after,blender_classroom,d3d12,2,109,316.801900
after,blender_classroom,d3d12,2,110,318.921000
after,blender_classroom,d3d12,2,111,312.568900
after,blender_classroom,d3d12,2,112,323.095100
after,blender_classroom,d3d12,2,113,315.240500
after,blender_classroom,d3d12,2,114,310.738700
after,blender_classroom,d3d12,2,115,306.400300
after,blender_classroom,d3d12,2,116,309.456200
after,blender_classroom,d3d12,2,117,307.855000
after,blender_classroom,d3d12,2,118,310.500600
after,blender_classroom,d3d12,2,119,318.093800
before,blender_classroom,d3d12,1,0,4673.687200
before,blender_classroom,d3d12,1,1,318.779700
before,blender_classroom,d3d12,1,2,312.619200
before,blender_classroom,d3d12,1,3,322.441400
before,blender_classroom,d3d12,1,4,309.008800
before,blender_classroom,d3d12,1,5,322.175500
before,blender_classroom,d3d12,1,6,323.212300
before,blender_classroom,d3d12,1,7,311.711800
before,blender_classroom,d3d12,1,8,318.421900
before,blender_classroom,d3d12,1,9,316.474400
before,blender_classroom,d3d12,1,10,319.307100
before,blender_classroom,d3d12,1,11,313.611300
before,blender_classroom,d3d12,1,12,316.339600
before,blender_classroom,d3d12,1,13,315.781900
before,blender_classroom,d3d12,1,14,319.540300
before,blender_classroom,d3d12,1,15,323.862200
before,blender_classroom,d3d12,1,16,315.899000
before,blender_classroom,d3d12,1,17,314.366300
before,blender_classroom,d3d12,1,18,311.446900
before,blender_classroom,d3d12,1,19,313.895700
before,blender_classroom,d3d12,1,20,313.829300
before,blender_classroom,d3d12,1,21,319.514400
before,blender_classroom,d3d12,1,22,309.559300
before,blender_classroom,d3d12,1,23,310.784900
before,blender_classroom,d3d12,1,24,319.284900
before,blender_classroom,d3d12,1,25,307.182000
before,blender_classroom,d3d12,1,26,310.161400
before,blender_classroom,d3d12,1,27,317.947500
before,blender_classroom,d3d12,1,28,317.087000
before,blender_classroom,d3d12,1,29,306.537600
before,blender_classroom,d3d12,1,30,318.418500
before,blender_classroom,d3d12,1,31,310.149400
before,blender_classroom,d3d12,1,32,323.534800
before,blender_classroom,d3d12,1,33,320.174600
before,blender_classroom,d3d12,1,34,316.778900
before,blender_classroom,d3d12,1,35,314.681100
before,blender_classroom,d3d12,1,36,309.863700
before,blender_classroom,d3d12,1,37,310.927500
before,blender_classroom,d3d12,1,38,310.668000
before,blender_classroom,d3d12,1,39,323.699400
before,blender_classroom,d3d12,1,40,310.016400
before,blender_classroom,d3d12,1,41,317.557700
before,blender_classroom,d3d12,1,42,313.878400
before,blender_classroom,d3d12,1,43,315.330000
before,blender_classroom,d3d12,1,44,308.415700
before,blender_classroom,d3d12,1,45,315.649200
before,blender_classroom,d3d12,1,46,336.155700
before,blender_classroom,d3d12,1,47,307.754900
before,blender_classroom,d3d12,1,48,325.121500
before,blender_classroom,d3d12,1,49,308.547400
before,blender_classroom,d3d12,1,50,311.236300
before,blender_classroom,d3d12,1,51,321.751800
before,blender_classroom,d3d12,1,52,323.769900
before,blender_classroom,d3d12,1,53,318.610000
before,blender_classroom,d3d12,1,54,313.320900
before,blender_classroom,d3d12,1,55,313.856700
before,blender_classroom,d3d12,1,56,310.909800
before,blender_classroom,d3d12,1,57,318.508100
before,blender_classroom,d3d12,1,58,314.937600
before,blender_classroom,d3d12,1,59,313.864200
before,blender_classroom,d3d12,1,60,308.419400
before,blender_classroom,d3d12,1,61,310.431100
before,blender_classroom,d3d12,1,62,313.500500
before,blender_classroom,d3d12,1,63,319.748200
before,blender_classroom,d3d12,1,64,326.043600
before,blender_classroom,d3d12,1,65,308.784700
before,blender_classroom,d3d12,1,66,320.989300
before,blender_classroom,d3d12,1,67,319.818800
before,blender_classroom,d3d12,1,68,319.693300
before,blender_classroom,d3d12,1,69,316.179000
before,blender_classroom,d3d12,1,70,310.470700
before,blender_classroom,d3d12,1,71,319.625800
before,blender_classroom,d3d12,1,72,320.503000
before,blender_classroom,d3d12,1,73,328.260600
before,blender_classroom,d3d12,1,74,308.250100
before,blender_classroom,d3d12,1,75,318.242400
before,blender_classroom,d3d12,1,76,316.406700
before,blender_classroom,d3d12,1,77,316.901700
before,blender_classroom,d3d12,1,78,324.735300
before,blender_classroom,d3d12,1,79,318.275900
before,blender_classroom,d3d12,1,80,320.354900
before,blender_classroom,d3d12,1,81,311.224400
before,blender_classroom,d3d12,1,82,319.046800
before,blender_classroom,d3d12,1,83,315.063200
before,blender_classroom,d3d12,1,84,314.777300
before,blender_classroom,d3d12,1,85,318.868700
before,blender_classroom,d3d12,1,86,313.846600
before,blender_classroom,d3d12,1,87,316.496600
before,blender_classroom,d3d12,1,88,311.886100
before,blender_classroom,d3d12,1,89,313.310400
before,blender_classroom,d3d12,1,90,311.418200
before,blender_classroom,d3d12,1,91,318.311800
before,blender_classroom,d3d12,1,92,306.558300
before,blender_classroom,d3d12,1,93,316.310000
before,blender_classroom,d3d12,1,94,313.789400
before,blender_classroom,d3d12,1,95,315.136700
before,blender_classroom,d3d12,1,96,323.128700
before,blender_classroom,d3d12,1,97,314.551500
before,blender_classroom,d3d12,1,98,319.273400
before,blender_classroom,d3d12,1,99,313.253600
before,blender_classroom,d3d12,1,100,313.722700
before,blender_classroom,d3d12,1,101,305.824100
before,blender_classroom,d3d12,1,102,306.875000
before,blender_classroom,d3d12,1,103,317.072000
before,blender_classroom,d3d12,1,104,314.442300
before,blender_classroom,d3d12,1,105,315.456000
before,blender_classroom,d3d12,1,106,314.923700
before,blender_classroom,d3d12,1,107,317.470100
before,blender_classroom,d3d12,1,108,310.320600
before,blender_classroom,d3d12,1,109,315.633100
before,blender_classroom,d3d12,1,110,315.234400
before,blender_classroom,d3d12,1,111,317.827700
before,blender_classroom,d3d12,1,112,316.993000
before,blender_classroom,d3d12,1,113,311.941700
before,blender_classroom,d3d12,1,114,314.824300
before,blender_classroom,d3d12,1,115,313.981400
before,blender_classroom,d3d12,1,116,309.854000
before,blender_classroom,d3d12,1,117,312.761800
before,blender_classroom,d3d12,1,118,308.047400
before,blender_classroom,d3d12,1,119,316.736400
before,blender_classroom,d3d12,2,0,4968.174600
before,blender_classroom,d3d12,2,1,330.926800
before,blender_classroom,d3d12,2,2,327.185000
before,blender_classroom,d3d12,2,3,309.441300
before,blender_classroom,d3d12,2,4,317.759900
before,blender_classroom,d3d12,2,5,321.050000
before,blender_classroom,d3d12,2,6,316.917800
before,blender_classroom,d3d12,2,7,312.485000
before,blender_classroom,d3d12,2,8,319.027000
before,blender_classroom,d3d12,2,9,321.961400
before,blender_classroom,d3d12,2,10,316.126200
before,blender_classroom,d3d12,2,11,314.092000
before,blender_classroom,d3d12,2,12,321.494100
before,blender_classroom,d3d12,2,13,313.293900
before,blender_classroom,d3d12,2,14,313.067400
before,blender_classroom,d3d12,2,15,313.902200
before,blender_classroom,d3d12,2,16,305.892200
before,blender_classroom,d3d12,2,17,316.051500
before,blender_classroom,d3d12,2,18,310.367700
before,blender_classroom,d3d12,2,19,314.510600
before,blender_classroom,d3d12,2,20,319.444100
before,blender_classroom,d3d12,2,21,314.856500
before,blender_classroom,d3d12,2,22,316.285500
before,blender_classroom,d3d12,2,23,319.302300
before,blender_classroom,d3d12,2,24,317.165700
before,blender_classroom,d3d12,2,25,319.560100
before,blender_classroom,d3d12,2,26,311.059900
before,blender_classroom,d3d12,2,27,317.708800
before,blender_classroom,d3d12,2,28,314.280400
before,blender_classroom,d3d12,2,29,316.350600
before,blender_classroom,d3d12,2,30,313.776700
before,blender_classroom,d3d12,2,31,315.078400
before,blender_classroom,d3d12,2,32,315.601200
before,blender_classroom,d3d12,2,33,317.326900
before,blender_classroom,d3d12,2,34,316.113400
before,blender_classroom,d3d12,2,35,316.058900
before,blender_classroom,d3d12,2,36,311.655200
before,blender_classroom,d3d12,2,37,316.878700
before,blender_classroom,d3d12,2,38,318.759200
before,blender_classroom,d3d12,2,39,315.876900
before,blender_classroom,d3d12,2,40,315.200700
before,blender_classroom,d3d12,2,41,309.734700
before,blender_classroom,d3d12,2,42,321.734700
before,blender_classroom,d3d12,2,43,318.504200
before,blender_classroom,d3d12,2,44,314.280600
before,blender_classroom,d3d12,2,45,316.537700
before,blender_classroom,d3d12,2,46,309.148400
before,blender_classroom,d3d12,2,47,313.470000
before,blender_classroom,d3d12,2,48,318.978700
before,blender_classroom,d3d12,2,49,311.954700
before,blender_classroom,d3d12,2,50,314.601700
before,blender_classroom,d3d12,2,51,310.740800
before,blender_classroom,d3d12,2,52,306.182800
before,blender_classroom,d3d12,2,53,317.076500
before,blender_classroom,d3d12,2,54,310.365300
before,blender_classroom,d3d12,2,55,315.222400
before,blender_classroom,d3d12,2,56,319.144100
before,blender_classroom,d3d12,2,57,319.912900
before,blender_classroom,d3d12,2,58,317.962400
before,blender_classroom,d3d12,2,59,314.549700
before,blender_classroom,d3d12,2,60,319.975500
before,blender_classroom,d3d12,2,61,310.384200
before,blender_classroom,d3d12,2,62,313.396400
before,blender_classroom,d3d12,2,63,309.594100
before,blender_classroom,d3d12,2,64,314.638900
before,blender_classroom,d3d12,2,65,317.324100
before,blender_classroom,d3d12,2,66,310.657300
before,blender_classroom,d3d12,2,67,316.890600
before,blender_classroom,d3d12,2,68,312.424600
before,blender_classroom,d3d12,2,69,320.426100
before,blender_classroom,d3d12,2,70,307.335500
before,blender_classroom,d3d12,2,71,315.997800
before,blender_classroom,d3d12,2,72,312.762700
before,blender_classroom,d3d12,2,73,316.719300
before,blender_classroom,d3d12,2,74,320.374000
before,blender_classroom,d3d12,2,75,312.259200
before,blender_classroom,d3d12,2,76,312.010800
before,blender_classroom,d3d12,2,77,310.276300
before,blender_classroom,d3d12,2,78,317.806500
before,blender_classroom,d3d12,2,79,313.505800
before,blender_classroom,d3d12,2,80,315.683000
before,blender_classroom,d3d12,2,81,322.430500
before,blender_classroom,d3d12,2,82,316.723400
before,blender_classroom,d3d12,2,83,317.809700
before,blender_classroom,d3d12,2,84,321.027500
before,blender_classroom,d3d12,2,85,317.691200
before,blender_classroom,d3d12,2,86,311.898100
before,blender_classroom,d3d12,2,87,318.082500
before,blender_classroom,d3d12,2,88,308.955800
before,blender_classroom,d3d12,2,89,306.997400
before,blender_classroom,d3d12,2,90,312.416000
before,blender_classroom,d3d12,2,91,312.037100
before,blender_classroom,d3d12,2,92,315.373200
before,blender_classroom,d3d12,2,93,318.550900
before,blender_classroom,d3d12,2,94,316.930900
before,blender_classroom,d3d12,2,95,313.999800
before,blender_classroom,d3d12,2,96,312.725400
before,blender_classroom,d3d12,2,97,314.285500
before,blender_classroom,d3d12,2,98,315.952800
before,blender_classroom,d3d12,2,99,317.217600
before,blender_classroom,d3d12,2,100,314.458000
before,blender_classroom,d3d12,2,101,314.485400
before,blender_classroom,d3d12,2,102,311.981200
before,blender_classroom,d3d12,2,103,312.210900
before,blender_classroom,d3d12,2,104,318.191000
before,blender_classroom,d3d12,2,105,316.207100
before,blender_classroom,d3d12,2,106,306.755400
before,blender_classroom,d3d12,2,107,311.174000
before,blender_classroom,d3d12,2,108,312.907700
before,blender_classroom,d3d12,2,109,319.541300
before,blender_classroom,d3d12,2,110,318.415800
before,blender_classroom,d3d12,2,111,312.077700
before,blender_classroom,d3d12,2,112,330.620500
before,blender_classroom,d3d12,2,113,317.547800
before,blender_classroom,d3d12,2,114,318.240300
before,blender_classroom,d3d12,2,115,308.185000
before,blender_classroom,d3d12,2,116,314.813500
before,blender_classroom,d3d12,2,117,311.278600
before,blender_classroom,d3d12,2,118,314.660500
before,blender_classroom,d3d12,2,119,312.107400
after,blender_classroom,vulkan,1,0,5831.608400
after,blender_classroom,vulkan,1,1,375.604400
after,blender_classroom,vulkan,1,2,367.286800
after,blender_classroom,vulkan,1,3,365.562200
after,blender_classroom,vulkan,1,4,366.536200
after,blender_classroom,vulkan,1,5,367.405000
after,blender_classroom,vulkan,1,6,368.401100
after,blender_classroom,vulkan,1,7,366.026100
after,blender_classroom,vulkan,1,8,372.431100
after,blender_classroom,vulkan,1,9,369.518000
after,blender_classroom,vulkan,1,10,363.808300
after,blender_classroom,vulkan,1,11,367.278300
after,blender_classroom,vulkan,1,12,367.102900
after,blender_classroom,vulkan,1,13,361.944900
after,blender_classroom,vulkan,1,14,367.665700
after,blender_classroom,vulkan,1,15,365.634100
after,blender_classroom,vulkan,1,16,365.141700
after,blender_classroom,vulkan,1,17,365.429400
after,blender_classroom,vulkan,1,18,375.466400
after,blender_classroom,vulkan,1,19,364.173000
after,blender_classroom,vulkan,1,20,361.823500
after,blender_classroom,vulkan,1,21,376.004900
after,blender_classroom,vulkan,1,22,369.146200
after,blender_classroom,vulkan,1,23,374.940700
after,blender_classroom,vulkan,1,24,370.887100
after,blender_classroom,vulkan,1,25,365.889500
after,blender_classroom,vulkan,1,26,365.732200
after,blender_classroom,vulkan,1,27,365.809400
after,blender_classroom,vulkan,1,28,370.783600
after,blender_classroom,vulkan,1,29,371.725100
after,blender_classroom,vulkan,1,30,368.672400
after,blender_classroom,vulkan,1,31,370.888600
after,blender_classroom,vulkan,1,32,367.820700
after,blender_classroom,vulkan,1,33,370.460400
after,blender_classroom,vulkan,1,34,361.022500
after,blender_classroom,vulkan,1,35,367.715900
after,blender_classroom,vulkan,1,36,375.441100
after,blender_classroom,vulkan,1,37,366.785600
after,blender_classroom,vulkan,1,38,370.807700
after,blender_classroom,vulkan,1,39,360.601200
after,blender_classroom,vulkan,1,40,366.642400
after,blender_classroom,vulkan,1,41,372.300600
after,blender_classroom,vulkan,1,42,367.765600
after,blender_classroom,vulkan,1,43,365.001000
after,blender_classroom,vulkan,1,44,367.851200
after,blender_classroom,vulkan,1,45,367.242400
after,blender_classroom,vulkan,1,46,367.935400
after,blender_classroom,vulkan,1,47,379.955300
after,blender_classroom,vulkan,1,48,370.271400
after,blender_classroom,vulkan,1,49,361.271300
after,blender_classroom,vulkan,1,50,368.199900
after,blender_classroom,vulkan,1,51,360.880100
after,blender_classroom,vulkan,1,52,370.951700
after,blender_classroom,vulkan,1,53,363.551500
after,blender_classroom,vulkan,1,54,366.752200
after,blender_classroom,vulkan,1,55,374.125000
after,blender_classroom,vulkan,1,56,365.294400
after,blender_classroom,vulkan,1,57,369.519700
after,blender_classroom,vulkan,1,58,374.274800
after,blender_classroom,vulkan,1,59,369.104300
after,blender_classroom,vulkan,1,60,367.634000
after,blender_classroom,vulkan,1,61,363.995700
after,blender_classroom,vulkan,1,62,371.103400
after,blender_classroom,vulkan,1,63,368.359800
after,blender_classroom,vulkan,1,64,369.432100
after,blender_classroom,vulkan,1,65,372.575800
after,blender_classroom,vulkan,1,66,366.518500
after,blender_classroom,vulkan,1,67,374.925200
after,blender_classroom,vulkan,1,68,367.166000
after,blender_classroom,vulkan,1,69,371.080500
after,blender_classroom,vulkan,1,70,364.494800
after,blender_classroom,vulkan,1,71,362.378800
after,blender_classroom,vulkan,1,72,362.372400
after,blender_classroom,vulkan,1,73,370.659400
after,blender_classroom,vulkan,1,74,371.163400
after,blender_classroom,vulkan,1,75,363.545600
after,blender_classroom,vulkan,1,76,370.824700
after,blender_classroom,vulkan,1,77,368.424800
after,blender_classroom,vulkan,1,78,369.855900
after,blender_classroom,vulkan,1,79,361.732800
after,blender_classroom,vulkan,1,80,368.896500
after,blender_classroom,vulkan,1,81,364.045900
after,blender_classroom,vulkan,1,82,365.864000
after,blender_classroom,vulkan,1,83,364.659200
after,blender_classroom,vulkan,1,84,374.267900
after,blender_classroom,vulkan,1,85,372.202200
after,blender_classroom,vulkan,1,86,369.590100
after,blender_classroom,vulkan,1,87,367.524600
after,blender_classroom,vulkan,1,88,368.417300
after,blender_classroom,vulkan,1,89,371.581000
after,blender_classroom,vulkan,1,90,366.549700
after,blender_classroom,vulkan,1,91,365.942800
after,blender_classroom,vulkan,1,92,369.643500
after,blender_classroom,vulkan,1,93,376.976100
after,blender_classroom,vulkan,1,94,365.801200
after,blender_classroom,vulkan,1,95,372.311800
after,blender_classroom,vulkan,1,96,389.743600
after,blender_classroom,vulkan,1,97,371.756200
after,blender_classroom,vulkan,1,98,374.405600
after,blender_classroom,vulkan,1,99,363.934300
after,blender_classroom,vulkan,1,100,368.237100
after,blender_classroom,vulkan,1,101,362.197900
after,blender_classroom,vulkan,1,102,373.028900
after,blender_classroom,vulkan,1,103,368.292800
after,blender_classroom,vulkan,1,104,369.363000
after,blender_classroom,vulkan,1,105,361.233500
after,blender_classroom,vulkan,1,106,365.024500
after,blender_classroom,vulkan,1,107,371.076100
after,blender_classroom,vulkan,1,108,362.217300
after,blender_classroom,vulkan,1,109,366.491900
after,blender_classroom,vulkan,1,110,392.788600
after,blender_classroom,vulkan,1,111,370.392300
after,blender_classroom,vulkan,1,112,370.484300
after,blender_classroom,vulkan,1,113,375.936500
after,blender_classroom,vulkan,1,114,381.364600
after,blender_classroom,vulkan,1,115,393.293600
after,blender_classroom,vulkan,1,116,377.071200
after,blender_classroom,vulkan,1,117,371.934300
after,blender_classroom,vulkan,1,118,371.320600
after,blender_classroom,vulkan,1,119,367.777800
after,blender_classroom,vulkan,2,0,5792.924900
after,blender_classroom,vulkan,2,1,373.217200
after,blender_classroom,vulkan,2,2,369.048300
after,blender_classroom,vulkan,2,3,362.781300
after,blender_classroom,vulkan,2,4,364.064000
after,blender_classroom,vulkan,2,5,384.795600
after,blender_classroom,vulkan,2,6,373.764300
after,blender_classroom,vulkan,2,7,378.786000
after,blender_classroom,vulkan,2,8,364.376300
after,blender_classroom,vulkan,2,9,373.182200
after,blender_classroom,vulkan,2,10,384.657100
after,blender_classroom,vulkan,2,11,380.378400
after,blender_classroom,vulkan,2,12,381.425000
after,blender_classroom,vulkan,2,13,364.754400
after,blender_classroom,vulkan,2,14,362.052100
after,blender_classroom,vulkan,2,15,375.183000
after,blender_classroom,vulkan,2,16,370.451500
after,blender_classroom,vulkan,2,17,374.302100
after,blender_classroom,vulkan,2,18,379.384400
after,blender_classroom,vulkan,2,19,374.282000
after,blender_classroom,vulkan,2,20,372.728900
after,blender_classroom,vulkan,2,21,371.596700
after,blender_classroom,vulkan,2,22,366.144400
after,blender_classroom,vulkan,2,23,364.123500
after,blender_classroom,vulkan,2,24,373.883800
after,blender_classroom,vulkan,2,25,365.026500
after,blender_classroom,vulkan,2,26,366.254500
after,blender_classroom,vulkan,2,27,370.201900
after,blender_classroom,vulkan,2,28,369.016400
after,blender_classroom,vulkan,2,29,368.200500
after,blender_classroom,vulkan,2,30,374.873500
after,blender_classroom,vulkan,2,31,363.783700
after,blender_classroom,vulkan,2,32,366.984400
after,blender_classroom,vulkan,2,33,374.267300
after,blender_classroom,vulkan,2,34,369.015400
after,blender_classroom,vulkan,2,35,366.283500
after,blender_classroom,vulkan,2,36,381.452200
after,blender_classroom,vulkan,2,37,376.838200
after,blender_classroom,vulkan,2,38,372.389500
after,blender_classroom,vulkan,2,39,374.033500
after,blender_classroom,vulkan,2,40,362.700100
after,blender_classroom,vulkan,2,41,372.445700
after,blender_classroom,vulkan,2,42,371.042300
after,blender_classroom,vulkan,2,43,374.245400
after,blender_classroom,vulkan,2,44,367.219200
after,blender_classroom,vulkan,2,45,369.199000
after,blender_classroom,vulkan,2,46,371.927300
after,blender_classroom,vulkan,2,47,373.482400
after,blender_classroom,vulkan,2,48,375.984500
after,blender_classroom,vulkan,2,49,369.777900
after,blender_classroom,vulkan,2,50,365.997600
after,blender_classroom,vulkan,2,51,367.892200
after,blender_classroom,vulkan,2,52,366.505300
after,blender_classroom,vulkan,2,53,370.730800
after,blender_classroom,vulkan,2,54,368.898300
after,blender_classroom,vulkan,2,55,369.568600
after,blender_classroom,vulkan,2,56,366.038800
after,blender_classroom,vulkan,2,57,364.832600
after,blender_classroom,vulkan,2,58,366.336600
after,blender_classroom,vulkan,2,59,363.967400
after,blender_classroom,vulkan,2,60,367.501500
after,blender_classroom,vulkan,2,61,366.602500
after,blender_classroom,vulkan,2,62,370.245900
after,blender_classroom,vulkan,2,63,367.578400
after,blender_classroom,vulkan,2,64,367.410400
after,blender_classroom,vulkan,2,65,376.095100
after,blender_classroom,vulkan,2,66,369.231900
after,blender_classroom,vulkan,2,67,368.583700
after,blender_classroom,vulkan,2,68,376.633900
after,blender_classroom,vulkan,2,69,370.891200
after,blender_classroom,vulkan,2,70,366.418700
after,blender_classroom,vulkan,2,71,369.802700
after,blender_classroom,vulkan,2,72,366.879600
after,blender_classroom,vulkan,2,73,368.424000
after,blender_classroom,vulkan,2,74,378.237800
after,blender_classroom,vulkan,2,75,369.871300
after,blender_classroom,vulkan,2,76,359.662700
after,blender_classroom,vulkan,2,77,366.470600
after,blender_classroom,vulkan,2,78,361.325800
after,blender_classroom,vulkan,2,79,371.178100
after,blender_classroom,vulkan,2,80,374.476600
after,blender_classroom,vulkan,2,81,370.369800
after,blender_classroom,vulkan,2,82,374.282200
after,blender_classroom,vulkan,2,83,370.916200
after,blender_classroom,vulkan,2,84,374.012200
after,blender_classroom,vulkan,2,85,370.880500
after,blender_classroom,vulkan,2,86,361.533300
after,blender_classroom,vulkan,2,87,367.459300
after,blender_classroom,vulkan,2,88,376.297300
after,blender_classroom,vulkan,2,89,367.301200
after,blender_classroom,vulkan,2,90,370.316600
after,blender_classroom,vulkan,2,91,379.109300
after,blender_classroom,vulkan,2,92,372.731100
after,blender_classroom,vulkan,2,93,361.186600
after,blender_classroom,vulkan,2,94,371.260900
after,blender_classroom,vulkan,2,95,370.246600
after,blender_classroom,vulkan,2,96,370.712800
after,blender_classroom,vulkan,2,97,368.184700
after,blender_classroom,vulkan,2,98,367.817200
after,blender_classroom,vulkan,2,99,368.070200
after,blender_classroom,vulkan,2,100,365.982600
after,blender_classroom,vulkan,2,101,362.929000
after,blender_classroom,vulkan,2,102,376.962700
after,blender_classroom,vulkan,2,103,361.107300
after,blender_classroom,vulkan,2,104,370.288400
after,blender_classroom,vulkan,2,105,365.230600
after,blender_classroom,vulkan,2,106,361.718600
after,blender_classroom,vulkan,2,107,364.788500
after,blender_classroom,vulkan,2,108,368.618200
after,blender_classroom,vulkan,2,109,367.766800
after,blender_classroom,vulkan,2,110,361.862700
after,blender_classroom,vulkan,2,111,367.217900
after,blender_classroom,vulkan,2,112,359.568000
after,blender_classroom,vulkan,2,113,371.234500
after,blender_classroom,vulkan,2,114,370.008700
after,blender_classroom,vulkan,2,115,366.566500
after,blender_classroom,vulkan,2,116,365.808800
after,blender_classroom,vulkan,2,117,371.624700
after,blender_classroom,vulkan,2,118,370.709100
after,blender_classroom,vulkan,2,119,371.003300
before,blender_classroom,vulkan,1,0,5561.291200
before,blender_classroom,vulkan,1,1,369.681300
before,blender_classroom,vulkan,1,2,378.252400
before,blender_classroom,vulkan,1,3,371.003300
before,blender_classroom,vulkan,1,4,367.486400
before,blender_classroom,vulkan,1,5,378.082200
before,blender_classroom,vulkan,1,6,383.693600
before,blender_classroom,vulkan,1,7,382.589700
before,blender_classroom,vulkan,1,8,379.418000
before,blender_classroom,vulkan,1,9,368.825700
before,blender_classroom,vulkan,1,10,366.695700
before,blender_classroom,vulkan,1,11,373.321700
before,blender_classroom,vulkan,1,12,364.720500
before,blender_classroom,vulkan,1,13,367.582200
before,blender_classroom,vulkan,1,14,379.515600
before,blender_classroom,vulkan,1,15,367.544500
before,blender_classroom,vulkan,1,16,363.440000
before,blender_classroom,vulkan,1,17,378.003000
before,blender_classroom,vulkan,1,18,373.946200
before,blender_classroom,vulkan,1,19,374.965700
before,blender_classroom,vulkan,1,20,373.830100
before,blender_classroom,vulkan,1,21,380.311000
before,blender_classroom,vulkan,1,22,371.129000
before,blender_classroom,vulkan,1,23,377.670200
before,blender_classroom,vulkan,1,24,366.423400
before,blender_classroom,vulkan,1,25,372.945800
before,blender_classroom,vulkan,1,26,379.692500
before,blender_classroom,vulkan,1,27,375.987700
before,blender_classroom,vulkan,1,28,366.772900
before,blender_classroom,vulkan,1,29,377.952500
before,blender_classroom,vulkan,1,30,378.326100
before,blender_classroom,vulkan,1,31,364.886000
before,blender_classroom,vulkan,1,32,373.089800
before,blender_classroom,vulkan,1,33,368.595800
before,blender_classroom,vulkan,1,34,369.950100
before,blender_classroom,vulkan,1,35,367.883000
before,blender_classroom,vulkan,1,36,376.259700
before,blender_classroom,vulkan,1,37,374.500400
before,blender_classroom,vulkan,1,38,368.922900
before,blender_classroom,vulkan,1,39,369.771900
before,blender_classroom,vulkan,1,40,375.461700
before,blender_classroom,vulkan,1,41,369.581700
before,blender_classroom,vulkan,1,42,368.326300
before,blender_classroom,vulkan,1,43,370.129300
before,blender_classroom,vulkan,1,44,369.967500
before,blender_classroom,vulkan,1,45,374.995200
before,blender_classroom,vulkan,1,46,373.568600
before,blender_classroom,vulkan,1,47,371.521000
before,blender_classroom,vulkan,1,48,369.340600
before,blender_classroom,vulkan,1,49,370.287800
before,blender_classroom,vulkan,1,50,376.448600
before,blender_classroom,vulkan,1,51,368.928100
before,blender_classroom,vulkan,1,52,376.347900
before,blender_classroom,vulkan,1,53,382.169800
before,blender_classroom,vulkan,1,54,362.583700
before,blender_classroom,vulkan,1,55,364.156700
before,blender_classroom,vulkan,1,56,366.634900
before,blender_classroom,vulkan,1,57,371.671200
before,blender_classroom,vulkan,1,58,364.157100
before,blender_classroom,vulkan,1,59,363.559000
before,blender_classroom,vulkan,1,60,375.147300
before,blender_classroom,vulkan,1,61,374.397000
before,blender_classroom,vulkan,1,62,366.438600
before,blender_classroom,vulkan,1,63,383.916300
before,blender_classroom,vulkan,1,64,375.962000
before,blender_classroom,vulkan,1,65,368.728400
before,blender_classroom,vulkan,1,66,365.878200
before,blender_classroom,vulkan,1,67,369.302000
before,blender_classroom,vulkan,1,68,371.053900
before,blender_classroom,vulkan,1,69,379.725500
before,blender_classroom,vulkan,1,70,363.090900
before,blender_classroom,vulkan,1,71,367.384200
before,blender_classroom,vulkan,1,72,369.060400
before,blender_classroom,vulkan,1,73,367.041800
before,blender_classroom,vulkan,1,74,367.358800
before,blender_classroom,vulkan,1,75,373.160500
before,blender_classroom,vulkan,1,76,372.685500
before,blender_classroom,vulkan,1,77,367.335400
before,blender_classroom,vulkan,1,78,370.093000
before,blender_classroom,vulkan,1,79,366.484900
before,blender_classroom,vulkan,1,80,382.090000
before,blender_classroom,vulkan,1,81,361.634700
before,blender_classroom,vulkan,1,82,364.105000
before,blender_classroom,vulkan,1,83,373.259900
before,blender_classroom,vulkan,1,84,372.285900
before,blender_classroom,vulkan,1,85,370.701300
before,blender_classroom,vulkan,1,86,370.199100
before,blender_classroom,vulkan,1,87,383.163800
before,blender_classroom,vulkan,1,88,371.655800
before,blender_classroom,vulkan,1,89,388.519200
before,blender_classroom,vulkan,1,90,363.374800
before,blender_classroom,vulkan,1,91,366.776300
before,blender_classroom,vulkan,1,92,377.839500
before,blender_classroom,vulkan,1,93,376.707400
before,blender_classroom,vulkan,1,94,369.973200
before,blender_classroom,vulkan,1,95,367.783100
before,blender_classroom,vulkan,1,96,368.810400
before,blender_classroom,vulkan,1,97,372.690200
before,blender_classroom,vulkan,1,98,374.237200
before,blender_classroom,vulkan,1,99,373.471700
before,blender_classroom,vulkan,1,100,365.895500
before,blender_classroom,vulkan,1,101,372.292500
before,blender_classroom,vulkan,1,102,372.855400
before,blender_classroom,vulkan,1,103,365.215400
before,blender_classroom,vulkan,1,104,368.859500
before,blender_classroom,vulkan,1,105,376.072900
before,blender_classroom,vulkan,1,106,369.413300
before,blender_classroom,vulkan,1,107,363.992100
before,blender_classroom,vulkan,1,108,368.571800
before,blender_classroom,vulkan,1,109,368.536300
before,blender_classroom,vulkan,1,110,373.094300
before,blender_classroom,vulkan,1,111,373.189700
before,blender_classroom,vulkan,1,112,376.760600
before,blender_classroom,vulkan,1,113,374.532200
before,blender_classroom,vulkan,1,114,368.085500
before,blender_classroom,vulkan,1,115,367.728100
before,blender_classroom,vulkan,1,116,373.297500
before,blender_classroom,vulkan,1,117,362.642000
before,blender_classroom,vulkan,1,118,369.153200
before,blender_classroom,vulkan,1,119,375.948600
before,blender_classroom,vulkan,2,0,5789.577800
before,blender_classroom,vulkan,2,1,380.010700
before,blender_classroom,vulkan,2,2,363.702800
before,blender_classroom,vulkan,2,3,370.543400
before,blender_classroom,vulkan,2,4,371.237400
before,blender_classroom,vulkan,2,5,375.150500
before,blender_classroom,vulkan,2,6,366.962300
before,blender_classroom,vulkan,2,7,367.431500
before,blender_classroom,vulkan,2,8,366.718900
before,blender_classroom,vulkan,2,9,364.445500
before,blender_classroom,vulkan,2,10,362.661100
before,blender_classroom,vulkan,2,11,373.268100
before,blender_classroom,vulkan,2,12,373.692900
before,blender_classroom,vulkan,2,13,370.024400
before,blender_classroom,vulkan,2,14,376.195800
before,blender_classroom,vulkan,2,15,366.576200
before,blender_classroom,vulkan,2,16,365.696900
before,blender_classroom,vulkan,2,17,370.842300
before,blender_classroom,vulkan,2,18,366.160200
before,blender_classroom,vulkan,2,19,376.627300
before,blender_classroom,vulkan,2,20,370.946500
before,blender_classroom,vulkan,2,21,369.898700
before,blender_classroom,vulkan,2,22,376.549000
before,blender_classroom,vulkan,2,23,372.762100
before,blender_classroom,vulkan,2,24,368.058900
before,blender_classroom,vulkan,2,25,371.416100
before,blender_classroom,vulkan,2,26,365.270500
before,blender_classroom,vulkan,2,27,365.285900
before,blender_classroom,vulkan,2,28,366.656600
before,blender_classroom,vulkan,2,29,370.671800
before,blender_classroom,vulkan,2,30,371.790500
before,blender_classroom,vulkan,2,31,367.592000
before,blender_classroom,vulkan,2,32,362.766500
before,blender_classroom,vulkan,2,33,371.695200
before,blender_classroom,vulkan,2,34,367.824700
before,blender_classroom,vulkan,2,35,374.490800
before,blender_classroom,vulkan,2,36,369.615500
before,blender_classroom,vulkan,2,37,368.046600
before,blender_classroom,vulkan,2,38,365.869700
before,blender_classroom,vulkan,2,39,365.729700
before,blender_classroom,vulkan,2,40,371.244900
before,blender_classroom,vulkan,2,41,370.605300
before,blender_classroom,vulkan,2,42,377.288700
before,blender_classroom,vulkan,2,43,368.095500
before,blender_classroom,vulkan,2,44,369.540800
before,blender_classroom,vulkan,2,45,366.822400
before,blender_classroom,vulkan,2,46,372.495500
before,blender_classroom,vulkan,2,47,371.541300
before,blender_classroom,vulkan,2,48,372.156500
before,blender_classroom,vulkan,2,49,370.912200
before,blender_classroom,vulkan,2,50,369.936900
before,blender_classroom,vulkan,2,51,367.518200
before,blender_classroom,vulkan,2,52,374.186100
before,blender_classroom,vulkan,2,53,364.993400
before,blender_classroom,vulkan,2,54,367.793500
before,blender_classroom,vulkan,2,55,384.539400
before,blender_classroom,vulkan,2,56,372.455300
before,blender_classroom,vulkan,2,57,369.350600
before,blender_classroom,vulkan,2,58,368.036600
before,blender_classroom,vulkan,2,59,371.342800
before,blender_classroom,vulkan,2,60,368.535000
before,blender_classroom,vulkan,2,61,373.478000
before,blender_classroom,vulkan,2,62,377.698300
before,blender_classroom,vulkan,2,63,366.246200
before,blender_classroom,vulkan,2,64,369.757000
before,blender_classroom,vulkan,2,65,372.990000
before,blender_classroom,vulkan,2,66,367.822600
before,blender_classroom,vulkan,2,67,365.899300
before,blender_classroom,vulkan,2,68,372.208600
before,blender_classroom,vulkan,2,69,366.948800
before,blender_classroom,vulkan,2,70,365.742300
before,blender_classroom,vulkan,2,71,376.135900
before,blender_classroom,vulkan,2,72,368.298800
before,blender_classroom,vulkan,2,73,367.658100
before,blender_classroom,vulkan,2,74,369.936600
before,blender_classroom,vulkan,2,75,368.935200
before,blender_classroom,vulkan,2,76,368.606900
before,blender_classroom,vulkan,2,77,376.529700
before,blender_classroom,vulkan,2,78,376.715200
before,blender_classroom,vulkan,2,79,373.797700
before,blender_classroom,vulkan,2,80,368.699500
before,blender_classroom,vulkan,2,81,371.122500
before,blender_classroom,vulkan,2,82,372.121800
before,blender_classroom,vulkan,2,83,366.876500
before,blender_classroom,vulkan,2,84,369.479100
before,blender_classroom,vulkan,2,85,369.826900
before,blender_classroom,vulkan,2,86,368.398500
before,blender_classroom,vulkan,2,87,366.893000
before,blender_classroom,vulkan,2,88,370.386700
before,blender_classroom,vulkan,2,89,369.543100
before,blender_classroom,vulkan,2,90,368.710500
before,blender_classroom,vulkan,2,91,370.612000
before,blender_classroom,vulkan,2,92,373.129600
before,blender_classroom,vulkan,2,93,374.306600
before,blender_classroom,vulkan,2,94,364.893500
before,blender_classroom,vulkan,2,95,370.406200
before,blender_classroom,vulkan,2,96,365.161200
before,blender_classroom,vulkan,2,97,363.413500
before,blender_classroom,vulkan,2,98,369.782600
before,blender_classroom,vulkan,2,99,366.829600
before,blender_classroom,vulkan,2,100,364.303800
before,blender_classroom,vulkan,2,101,367.859300
before,blender_classroom,vulkan,2,102,366.793400
before,blender_classroom,vulkan,2,103,367.508600
before,blender_classroom,vulkan,2,104,366.198300
before,blender_classroom,vulkan,2,105,371.522100
before,blender_classroom,vulkan,2,106,366.939300
before,blender_classroom,vulkan,2,107,364.061300
before,blender_classroom,vulkan,2,108,369.167700
before,blender_classroom,vulkan,2,109,369.982000
before,blender_classroom,vulkan,2,110,368.462500
before,blender_classroom,vulkan,2,111,368.637500
before,blender_classroom,vulkan,2,112,371.008300
before,blender_classroom,vulkan,2,113,365.816900
before,blender_classroom,vulkan,2,114,368.409900
before,blender_classroom,vulkan,2,115,371.806800
before,blender_classroom,vulkan,2,116,369.637400
before,blender_classroom,vulkan,2,117,367.616800
before,blender_classroom,vulkan,2,118,369.207300
before,blender_classroom,vulkan,2,119,377.678200
after,blender_junkshop,d3d12,1,0,3756.165600
after,blender_junkshop,d3d12,1,1,121.308700
after,blender_junkshop,d3d12,1,2,74.072400
after,blender_junkshop,d3d12,1,3,63.943100
after,blender_junkshop,d3d12,1,4,64.195300
after,blender_junkshop,d3d12,1,5,63.010200
after,blender_junkshop,d3d12,1,6,63.404800
after,blender_junkshop,d3d12,1,7,57.479600
after,blender_junkshop,d3d12,1,8,62.885100
after,blender_junkshop,d3d12,1,9,64.964600
after,blender_junkshop,d3d12,1,10,57.261900
after,blender_junkshop,d3d12,1,11,71.035100
after,blender_junkshop,d3d12,1,12,61.849900
after,blender_junkshop,d3d12,1,13,64.391500
after,blender_junkshop,d3d12,1,14,63.095600
after,blender_junkshop,d3d12,1,15,63.684400
after,blender_junkshop,d3d12,1,16,61.886200
after,blender_junkshop,d3d12,1,17,60.206700
after,blender_junkshop,d3d12,1,18,60.607700
after,blender_junkshop,d3d12,1,19,66.028000
after,blender_junkshop,d3d12,1,20,63.191600
after,blender_junkshop,d3d12,1,21,57.813200
after,blender_junkshop,d3d12,1,22,61.045100
after,blender_junkshop,d3d12,1,23,64.875000
after,blender_junkshop,d3d12,1,24,58.138100
after,blender_junkshop,d3d12,1,25,60.235500
after,blender_junkshop,d3d12,1,26,57.438600
after,blender_junkshop,d3d12,1,27,65.166200
after,blender_junkshop,d3d12,1,28,66.100800
after,blender_junkshop,d3d12,1,29,73.420000
after,blender_junkshop,d3d12,1,30,66.944900
after,blender_junkshop,d3d12,1,31,64.201700
after,blender_junkshop,d3d12,1,32,57.613000
after,blender_junkshop,d3d12,1,33,61.366800
after,blender_junkshop,d3d12,1,34,63.364700
after,blender_junkshop,d3d12,1,35,64.385900
after,blender_junkshop,d3d12,1,36,67.761200
after,blender_junkshop,d3d12,1,37,63.438200
after,blender_junkshop,d3d12,1,38,64.753000
after,blender_junkshop,d3d12,1,39,65.209800
after,blender_junkshop,d3d12,1,40,67.739900
after,blender_junkshop,d3d12,1,41,67.553300
after,blender_junkshop,d3d12,1,42,57.134500
after,blender_junkshop,d3d12,1,43,64.575400
after,blender_junkshop,d3d12,1,44,59.993900
after,blender_junkshop,d3d12,1,45,66.471200
after,blender_junkshop,d3d12,1,46,70.158700
after,blender_junkshop,d3d12,1,47,62.055200
after,blender_junkshop,d3d12,1,48,64.905200
after,blender_junkshop,d3d12,1,49,63.685400
after,blender_junkshop,d3d12,1,50,61.844900
after,blender_junkshop,d3d12,1,51,60.899400
after,blender_junkshop,d3d12,1,52,62.700900
after,blender_junkshop,d3d12,1,53,65.102200
after,blender_junkshop,d3d12,1,54,65.221500
after,blender_junkshop,d3d12,1,55,69.014300
after,blender_junkshop,d3d12,1,56,65.406400
after,blender_junkshop,d3d12,1,57,61.385600
after,blender_junkshop,d3d12,1,58,63.073800
after,blender_junkshop,d3d12,1,59,65.658800
after,blender_junkshop,d3d12,1,60,61.466100
after,blender_junkshop,d3d12,1,61,64.261300
after,blender_junkshop,d3d12,1,62,65.255200
after,blender_junkshop,d3d12,1,63,63.982500
after,blender_junkshop,d3d12,1,64,68.878300
after,blender_junkshop,d3d12,1,65,66.208500
after,blender_junkshop,d3d12,1,66,61.075100
after,blender_junkshop,d3d12,1,67,64.803400
after,blender_junkshop,d3d12,1,68,63.253100
after,blender_junkshop,d3d12,1,69,63.793100
after,blender_junkshop,d3d12,1,70,66.509700
after,blender_junkshop,d3d12,1,71,66.541200
after,blender_junkshop,d3d12,1,72,62.777000
after,blender_junkshop,d3d12,1,73,68.464900
after,blender_junkshop,d3d12,1,74,56.840500
after,blender_junkshop,d3d12,1,75,58.483500
after,blender_junkshop,d3d12,1,76,63.447100
after,blender_junkshop,d3d12,1,77,64.250900
after,blender_junkshop,d3d12,1,78,65.596600
after,blender_junkshop,d3d12,1,79,65.017000
after,blender_junkshop,d3d12,1,80,65.982400
after,blender_junkshop,d3d12,1,81,60.951100
after,blender_junkshop,d3d12,1,82,64.504800
after,blender_junkshop,d3d12,1,83,59.824400
after,blender_junkshop,d3d12,1,84,63.253000
after,blender_junkshop,d3d12,1,85,59.962500
after,blender_junkshop,d3d12,1,86,65.795500
after,blender_junkshop,d3d12,1,87,64.724600
after,blender_junkshop,d3d12,1,88,60.341500
after,blender_junkshop,d3d12,1,89,61.660800
after,blender_junkshop,d3d12,1,90,65.967800
after,blender_junkshop,d3d12,1,91,74.092700
after,blender_junkshop,d3d12,1,92,65.876100
after,blender_junkshop,d3d12,1,93,63.939200
after,blender_junkshop,d3d12,1,94,61.449200
after,blender_junkshop,d3d12,1,95,66.857000
after,blender_junkshop,d3d12,1,96,66.042900
after,blender_junkshop,d3d12,1,97,62.999100
after,blender_junkshop,d3d12,1,98,60.825900
after,blender_junkshop,d3d12,1,99,67.927200
after,blender_junkshop,d3d12,1,100,60.329700
after,blender_junkshop,d3d12,1,101,65.854900
after,blender_junkshop,d3d12,1,102,67.105800
after,blender_junkshop,d3d12,1,103,65.638900
after,blender_junkshop,d3d12,1,104,58.457700
after,blender_junkshop,d3d12,1,105,59.850900
after,blender_junkshop,d3d12,1,106,60.342300
after,blender_junkshop,d3d12,1,107,62.969000
after,blender_junkshop,d3d12,1,108,66.017800
after,blender_junkshop,d3d12,1,109,69.714800
after,blender_junkshop,d3d12,1,110,57.505100
after,blender_junkshop,d3d12,1,111,64.768100
after,blender_junkshop,d3d12,1,112,73.396100
after,blender_junkshop,d3d12,1,113,63.083300
after,blender_junkshop,d3d12,1,114,60.111700
after,blender_junkshop,d3d12,1,115,66.501900
after,blender_junkshop,d3d12,1,116,64.106900
after,blender_junkshop,d3d12,1,117,70.898700
after,blender_junkshop,d3d12,1,118,65.675100
after,blender_junkshop,d3d12,1,119,64.021900
after,blender_junkshop,d3d12,2,0,3675.152500
after,blender_junkshop,d3d12,2,1,98.016800
after,blender_junkshop,d3d12,2,2,70.798000
after,blender_junkshop,d3d12,2,3,62.764800
after,blender_junkshop,d3d12,2,4,64.147700
after,blender_junkshop,d3d12,2,5,61.789100
after,blender_junkshop,d3d12,2,6,67.089600
after,blender_junkshop,d3d12,2,7,60.240700
after,blender_junkshop,d3d12,2,8,67.986400
after,blender_junkshop,d3d12,2,9,67.396500
after,blender_junkshop,d3d12,2,10,64.430000
after,blender_junkshop,d3d12,2,11,64.714700
after,blender_junkshop,d3d12,2,12,61.451800
after,blender_junkshop,d3d12,2,13,58.531800
after,blender_junkshop,d3d12,2,14,64.733200
after,blender_junkshop,d3d12,2,15,62.082300
after,blender_junkshop,d3d12,2,16,66.511800
after,blender_junkshop,d3d12,2,17,61.057100
after,blender_junkshop,d3d12,2,18,64.762600
after,blender_junkshop,d3d12,2,19,59.539300
after,blender_junkshop,d3d12,2,20,63.104100
after,blender_junkshop,d3d12,2,21,67.386400
after,blender_junkshop,d3d12,2,22,66.150700
after,blender_junkshop,d3d12,2,23,59.206300
after,blender_junkshop,d3d12,2,24,67.257600
after,blender_junkshop,d3d12,2,25,69.635700
after,blender_junkshop,d3d12,2,26,65.302900
after,blender_junkshop,d3d12,2,27,65.907900
after,blender_junkshop,d3d12,2,28,63.478000
after,blender_junkshop,d3d12,2,29,65.932300
after,blender_junkshop,d3d12,2,30,77.950300
after,blender_junkshop,d3d12,2,31,60.534700
after,blender_junkshop,d3d12,2,32,69.130600
after,blender_junkshop,d3d12,2,33,70.073400
after,blender_junkshop,d3d12,2,34,66.895700
after,blender_junkshop,d3d12,2,35,66.227800
after,blender_junkshop,d3d12,2,36,65.779500
after,blender_junkshop,d3d12,2,37,59.865000
after,blender_junkshop,d3d12,2,38,66.151400
after,blender_junkshop,d3d12,2,39,67.336600
after,blender_junkshop,d3d12,2,40,58.091000
after,blender_junkshop,d3d12,2,41,57.699600
after,blender_junkshop,d3d12,2,42,61.476100
after,blender_junkshop,d3d12,2,43,65.328800
after,blender_junkshop,d3d12,2,44,68.723200
after,blender_junkshop,d3d12,2,45,64.974800
after,blender_junkshop,d3d12,2,46,63.602400
after,blender_junkshop,d3d12,2,47,56.578700
after,blender_junkshop,d3d12,2,48,57.193100
after,blender_junkshop,d3d12,2,49,65.665400
after,blender_junkshop,d3d12,2,50,64.915500
after,blender_junkshop,d3d12,2,51,66.722300
after,blender_junkshop,d3d12,2,52,62.152600
after,blender_junkshop,d3d12,2,53,67.793900
after,blender_junkshop,d3d12,2,54,69.493300
after,blender_junkshop,d3d12,2,55,67.264400
after,blender_junkshop,d3d12,2,56,64.918400
after,blender_junkshop,d3d12,2,57,66.061400
after,blender_junkshop,d3d12,2,58,65.880800
after,blender_junkshop,d3d12,2,59,61.851500
after,blender_junkshop,d3d12,2,60,64.204100
after,blender_junkshop,d3d12,2,61,62.338400
after,blender_junkshop,d3d12,2,62,58.265900
after,blender_junkshop,d3d12,2,63,57.372600
after,blender_junkshop,d3d12,2,64,61.646800
after,blender_junkshop,d3d12,2,65,62.719300
after,blender_junkshop,d3d12,2,66,66.416300
after,blender_junkshop,d3d12,2,67,65.320600
after,blender_junkshop,d3d12,2,68,64.621100
after,blender_junkshop,d3d12,2,69,67.042400
after,blender_junkshop,d3d12,2,70,58.000200
after,blender_junkshop,d3d12,2,71,61.481000
after,blender_junkshop,d3d12,2,72,66.706100
after,blender_junkshop,d3d12,2,73,66.373600
after,blender_junkshop,d3d12,2,74,68.690500
after,blender_junkshop,d3d12,2,75,63.362600
after,blender_junkshop,d3d12,2,76,70.363000
after,blender_junkshop,d3d12,2,77,65.778000
after,blender_junkshop,d3d12,2,78,59.976800
after,blender_junkshop,d3d12,2,79,64.683800
after,blender_junkshop,d3d12,2,80,65.403400
after,blender_junkshop,d3d12,2,81,66.740600
after,blender_junkshop,d3d12,2,82,69.201800
after,blender_junkshop,d3d12,2,83,65.683400
after,blender_junkshop,d3d12,2,84,62.439000
after,blender_junkshop,d3d12,2,85,64.422800
after,blender_junkshop,d3d12,2,86,60.473300
after,blender_junkshop,d3d12,2,87,57.093400
after,blender_junkshop,d3d12,2,88,64.234800
after,blender_junkshop,d3d12,2,89,68.871600
after,blender_junkshop,d3d12,2,90,65.868300
after,blender_junkshop,d3d12,2,91,60.691900
after,blender_junkshop,d3d12,2,92,64.705600
after,blender_junkshop,d3d12,2,93,63.598200
after,blender_junkshop,d3d12,2,94,65.479600
after,blender_junkshop,d3d12,2,95,63.299900
after,blender_junkshop,d3d12,2,96,59.035900
after,blender_junkshop,d3d12,2,97,61.850500
after,blender_junkshop,d3d12,2,98,62.282100
after,blender_junkshop,d3d12,2,99,66.351600
after,blender_junkshop,d3d12,2,100,65.824500
after,blender_junkshop,d3d12,2,101,63.177000
after,blender_junkshop,d3d12,2,102,63.381200
after,blender_junkshop,d3d12,2,103,59.606100
after,blender_junkshop,d3d12,2,104,68.811000
after,blender_junkshop,d3d12,2,105,66.110400
after,blender_junkshop,d3d12,2,106,68.232500
after,blender_junkshop,d3d12,2,107,61.913000
after,blender_junkshop,d3d12,2,108,59.588000
after,blender_junkshop,d3d12,2,109,65.317600
after,blender_junkshop,d3d12,2,110,66.963500
after,blender_junkshop,d3d12,2,111,69.092400
after,blender_junkshop,d3d12,2,112,66.922500
after,blender_junkshop,d3d12,2,113,67.066300
after,blender_junkshop,d3d12,2,114,66.490400
after,blender_junkshop,d3d12,2,115,67.956500
after,blender_junkshop,d3d12,2,116,64.687400
after,blender_junkshop,d3d12,2,117,62.921000
after,blender_junkshop,d3d12,2,118,68.748800
after,blender_junkshop,d3d12,2,119,57.707100
before,blender_junkshop,d3d12,1,0,5045.052200
before,blender_junkshop,d3d12,1,1,90.259500
before,blender_junkshop,d3d12,1,2,58.161000
before,blender_junkshop,d3d12,1,3,63.404300
before,blender_junkshop,d3d12,1,4,61.743900
before,blender_junkshop,d3d12,1,5,62.328300
before,blender_junkshop,d3d12,1,6,63.400900
before,blender_junkshop,d3d12,1,7,57.777200
before,blender_junkshop,d3d12,1,8,70.494200
before,blender_junkshop,d3d12,1,9,60.273500
before,blender_junkshop,d3d12,1,10,63.170100
before,blender_junkshop,d3d12,1,11,57.921000
before,blender_junkshop,d3d12,1,12,64.697700
before,blender_junkshop,d3d12,1,13,58.200300
before,blender_junkshop,d3d12,1,14,63.597000
before,blender_junkshop,d3d12,1,15,65.284000
before,blender_junkshop,d3d12,1,16,66.589800
before,blender_junkshop,d3d12,1,17,72.505900
before,blender_junkshop,d3d12,1,18,59.243500
before,blender_junkshop,d3d12,1,19,62.798000
before,blender_junkshop,d3d12,1,20,61.779500
before,blender_junkshop,d3d12,1,21,62.376300
before,blender_junkshop,d3d12,1,22,63.876200
before,blender_junkshop,d3d12,1,23,63.361400
before,blender_junkshop,d3d12,1,24,62.772000
before,blender_junkshop,d3d12,1,25,64.942400
before,blender_junkshop,d3d12,1,26,64.356900
before,blender_junkshop,d3d12,1,27,59.248800
before,blender_junkshop,d3d12,1,28,58.357900
before,blender_junkshop,d3d12,1,29,58.869200
before,blender_junkshop,d3d12,1,30,62.668000
before,blender_junkshop,d3d12,1,31,65.306400
before,blender_junkshop,d3d12,1,32,62.617000
before,blender_junkshop,d3d12,1,33,63.075900
before,blender_junkshop,d3d12,1,34,62.364700
before,blender_junkshop,d3d12,1,35,68.756900
before,blender_junkshop,d3d12,1,36,64.488000
before,blender_junkshop,d3d12,1,37,63.513600
before,blender_junkshop,d3d12,1,38,65.185300
before,blender_junkshop,d3d12,1,39,64.246400
before,blender_junkshop,d3d12,1,40,66.012500
before,blender_junkshop,d3d12,1,41,65.358800
before,blender_junkshop,d3d12,1,42,64.126600
before,blender_junkshop,d3d12,1,43,68.291200
before,blender_junkshop,d3d12,1,44,61.480500
before,blender_junkshop,d3d12,1,45,62.720000
before,blender_junkshop,d3d12,1,46,68.862700
before,blender_junkshop,d3d12,1,47,67.638400
before,blender_junkshop,d3d12,1,48,59.268300
before,blender_junkshop,d3d12,1,49,66.822600
before,blender_junkshop,d3d12,1,50,65.356300
before,blender_junkshop,d3d12,1,51,59.222000
before,blender_junkshop,d3d12,1,52,62.406700
before,blender_junkshop,d3d12,1,53,61.059500
before,blender_junkshop,d3d12,1,54,64.242600
before,blender_junkshop,d3d12,1,55,65.277100
before,blender_junkshop,d3d12,1,56,60.938100
before,blender_junkshop,d3d12,1,57,66.282600
before,blender_junkshop,d3d12,1,58,63.441200
before,blender_junkshop,d3d12,1,59,65.677100
before,blender_junkshop,d3d12,1,60,57.037500
before,blender_junkshop,d3d12,1,61,61.978200
before,blender_junkshop,d3d12,1,62,63.084600
before,blender_junkshop,d3d12,1,63,67.909600
before,blender_junkshop,d3d12,1,64,61.228200
before,blender_junkshop,d3d12,1,65,62.751300
before,blender_junkshop,d3d12,1,66,65.778600
before,blender_junkshop,d3d12,1,67,65.805300
before,blender_junkshop,d3d12,1,68,65.648200
before,blender_junkshop,d3d12,1,69,66.166700
before,blender_junkshop,d3d12,1,70,66.028000
before,blender_junkshop,d3d12,1,71,66.201400
before,blender_junkshop,d3d12,1,72,66.160700
before,blender_junkshop,d3d12,1,73,62.474100
before,blender_junkshop,d3d12,1,74,63.873100
before,blender_junkshop,d3d12,1,75,62.896300
before,blender_junkshop,d3d12,1,76,65.291500
before,blender_junkshop,d3d12,1,77,61.249300
before,blender_junkshop,d3d12,1,78,60.050600
before,blender_junkshop,d3d12,1,79,58.548200
before,blender_junkshop,d3d12,1,80,62.125600
before,blender_junkshop,d3d12,1,81,66.540400
before,blender_junkshop,d3d12,1,82,62.766300
before,blender_junkshop,d3d12,1,83,69.588300
before,blender_junkshop,d3d12,1,84,70.401000
before,blender_junkshop,d3d12,1,85,63.215300
before,blender_junkshop,d3d12,1,86,62.498300
before,blender_junkshop,d3d12,1,87,68.154600
before,blender_junkshop,d3d12,1,88,63.182700
before,blender_junkshop,d3d12,1,89,64.161800
before,blender_junkshop,d3d12,1,90,65.400100
before,blender_junkshop,d3d12,1,91,59.785500
before,blender_junkshop,d3d12,1,92,62.258700
before,blender_junkshop,d3d12,1,93,60.023300
before,blender_junkshop,d3d12,1,94,65.717700
before,blender_junkshop,d3d12,1,95,60.318600
before,blender_junkshop,d3d12,1,96,66.982300
before,blender_junkshop,d3d12,1,97,61.533600
before,blender_junkshop,d3d12,1,98,65.298800
before,blender_junkshop,d3d12,1,99,62.444800
before,blender_junkshop,d3d12,1,100,65.056900
before,blender_junkshop,d3d12,1,101,67.769700
before,blender_junkshop,d3d12,1,102,62.516200
before,blender_junkshop,d3d12,1,103,67.405200
before,blender_junkshop,d3d12,1,104,63.270000
before,blender_junkshop,d3d12,1,105,67.417200
before,blender_junkshop,d3d12,1,106,61.114000
before,blender_junkshop,d3d12,1,107,66.774500
before,blender_junkshop,d3d12,1,108,60.936600
before,blender_junkshop,d3d12,1,109,65.242300
before,blender_junkshop,d3d12,1,110,59.434400
before,blender_junkshop,d3d12,1,111,65.009300
before,blender_junkshop,d3d12,1,112,65.298600
before,blender_junkshop,d3d12,1,113,63.220600
before,blender_junkshop,d3d12,1,114,66.055900
before,blender_junkshop,d3d12,1,115,67.515000
before,blender_junkshop,d3d12,1,116,59.014300
before,blender_junkshop,d3d12,1,117,63.083300
before,blender_junkshop,d3d12,1,118,60.706400
before,blender_junkshop,d3d12,1,119,63.240100
before,blender_junkshop,d3d12,2,0,3660.591600
before,blender_junkshop,d3d12,2,1,70.092000
before,blender_junkshop,d3d12,2,2,57.541100
before,blender_junkshop,d3d12,2,3,58.161000
before,blender_junkshop,d3d12,2,4,57.554800
before,blender_junkshop,d3d12,2,5,56.458800
before,blender_junkshop,d3d12,2,6,56.775300
before,blender_junkshop,d3d12,2,7,56.220100
before,blender_junkshop,d3d12,2,8,56.751900
before,blender_junkshop,d3d12,2,9,56.865000
before,blender_junkshop,d3d12,2,10,56.838400
before,blender_junkshop,d3d12,2,11,57.523600
before,blender_junkshop,d3d12,2,12,56.636700
before,blender_junkshop,d3d12,2,13,56.762400
before,blender_junkshop,d3d12,2,14,57.932700
before,blender_junkshop,d3d12,2,15,56.473100
before,blender_junkshop,d3d12,2,16,56.593500
before,blender_junkshop,d3d12,2,17,56.803100
before,blender_junkshop,d3d12,2,18,56.904800
before,blender_junkshop,d3d12,2,19,57.334400
before,blender_junkshop,d3d12,2,20,58.280000
before,blender_junkshop,d3d12,2,21,57.088300
before,blender_junkshop,d3d12,2,22,57.034600
before,blender_junkshop,d3d12,2,23,61.729500
before,blender_junkshop,d3d12,2,24,64.013700
before,blender_junkshop,d3d12,2,25,66.484700
before,blender_junkshop,d3d12,2,26,65.309000
before,blender_junkshop,d3d12,2,27,59.418200
before,blender_junkshop,d3d12,2,28,64.236300
before,blender_junkshop,d3d12,2,29,65.296700
before,blender_junkshop,d3d12,2,30,67.987300
before,blender_junkshop,d3d12,2,31,64.773300
before,blender_junkshop,d3d12,2,32,65.775700
before,blender_junkshop,d3d12,2,33,62.726700
before,blender_junkshop,d3d12,2,34,58.178000
before,blender_junkshop,d3d12,2,35,65.269800
before,blender_junkshop,d3d12,2,36,63.845900
before,blender_junkshop,d3d12,2,37,63.843500
before,blender_junkshop,d3d12,2,38,55.994700
before,blender_junkshop,d3d12,2,39,57.247200
before,blender_junkshop,d3d12,2,40,63.167700
before,blender_junkshop,d3d12,2,41,57.438300
before,blender_junkshop,d3d12,2,42,59.171600
before,blender_junkshop,d3d12,2,43,65.724700
before,blender_junkshop,d3d12,2,44,62.577400
before,blender_junkshop,d3d12,2,45,63.215100
before,blender_junkshop,d3d12,2,46,64.647500
before,blender_junkshop,d3d12,2,47,61.959500
before,blender_junkshop,d3d12,2,48,63.521700
before,blender_junkshop,d3d12,2,49,61.429500
before,blender_junkshop,d3d12,2,50,59.066700
before,blender_junkshop,d3d12,2,51,64.984100
before,blender_junkshop,d3d12,2,52,65.068800
before,blender_junkshop,d3d12,2,53,63.911500
before,blender_junkshop,d3d12,2,54,63.913600
before,blender_junkshop,d3d12,2,55,66.893900
before,blender_junkshop,d3d12,2,56,65.511900
before,blender_junkshop,d3d12,2,57,56.622400
before,blender_junkshop,d3d12,2,58,59.881700
before,blender_junkshop,d3d12,2,59,64.100800
before,blender_junkshop,d3d12,2,60,64.437600
before,blender_junkshop,d3d12,2,61,65.310900
before,blender_junkshop,d3d12,2,62,63.338000
before,blender_junkshop,d3d12,2,63,66.935100
before,blender_junkshop,d3d12,2,64,63.857200
before,blender_junkshop,d3d12,2,65,63.725100
before,blender_junkshop,d3d12,2,66,58.218000
before,blender_junkshop,d3d12,2,67,67.363100
before,blender_junkshop,d3d12,2,68,66.015000
before,blender_junkshop,d3d12,2,69,67.249400
before,blender_junkshop,d3d12,2,70,64.981200
before,blender_junkshop,d3d12,2,71,63.906500
before,blender_junkshop,d3d12,2,72,61.869800
before,blender_junkshop,d3d12,2,73,62.532900
before,blender_junkshop,d3d12,2,74,59.684900
before,blender_junkshop,d3d12,2,75,62.230700
before,blender_junkshop,d3d12,2,76,61.533300
before,blender_junkshop,d3d12,2,77,63.067200
before,blender_junkshop,d3d12,2,78,62.632900
before,blender_junkshop,d3d12,2,79,63.927200
before,blender_junkshop,d3d12,2,80,62.010000
before,blender_junkshop,d3d12,2,81,62.088200
before,blender_junkshop,d3d12,2,82,61.650800
before,blender_junkshop,d3d12,2,83,63.288400
before,blender_junkshop,d3d12,2,84,57.690000
before,blender_junkshop,d3d12,2,85,69.057200
before,blender_junkshop,d3d12,2,86,65.128000
before,blender_junkshop,d3d12,2,87,67.316500
before,blender_junkshop,d3d12,2,88,65.160000
before,blender_junkshop,d3d12,2,89,64.162400
before,blender_junkshop,d3d12,2,90,57.033600
before,blender_junkshop,d3d12,2,91,58.890700
before,blender_junkshop,d3d12,2,92,65.268400
before,blender_junkshop,d3d12,2,93,66.494000
before,blender_junkshop,d3d12,2,94,64.830000
before,blender_junkshop,d3d12,2,95,60.967700
before,blender_junkshop,d3d12,2,96,66.749700
before,blender_junkshop,d3d12,2,97,62.886500
before,blender_junkshop,d3d12,2,98,59.919800
before,blender_junkshop,d3d12,2,99,59.719300
before,blender_junkshop,d3d12,2,100,63.475300
before,blender_junkshop,d3d12,2,101,61.390500
before,blender_junkshop,d3d12,2,102,59.049500
before,blender_junkshop,d3d12,2,103,64.952600
before,blender_junkshop,d3d12,2,104,64.555300
before,blender_junkshop,d3d12,2,105,58.670000
before,blender_junkshop,d3d12,2,106,57.353400
before,blender_junkshop,d3d12,2,107,64.001500
before,blender_junkshop,d3d12,2,108,59.102300
before,blender_junkshop,d3d12,2,109,61.529500
before,blender_junkshop,d3d12,2,110,60.713300
before,blender_junkshop,d3d12,2,111,63.624000
before,blender_junkshop,d3d12,2,112,64.873400
before,blender_junkshop,d3d12,2,113,67.519000
before,blender_junkshop,d3d12,2,114,60.832400
before,blender_junkshop,d3d12,2,115,64.757600
before,blender_junkshop,d3d12,2,116,56.768400
before,blender_junkshop,d3d12,2,117,58.670900
before,blender_junkshop,d3d12,2,118,61.835400
before,blender_junkshop,d3d12,2,119,61.669500
after,blender_junkshop,vulkan,1,0,4157.088400
after,blender_junkshop,vulkan,1,1,76.950300
after,blender_junkshop,vulkan,1,2,73.624800
after,blender_junkshop,vulkan,1,3,72.172300
after,blender_junkshop,vulkan,1,4,75.001100
after,blender_junkshop,vulkan,1,5,74.559800
after,blender_junkshop,vulkan,1,6,78.978000
after,blender_junkshop,vulkan,1,7,74.891400
after,blender_junkshop,vulkan,1,8,76.793100
after,blender_junkshop,vulkan,1,9,75.908500
after,blender_junkshop,vulkan,1,10,76.697900
after,blender_junkshop,vulkan,1,11,75.980600
after,blender_junkshop,vulkan,1,12,74.890300
after,blender_junkshop,vulkan,1,13,78.542900
after,blender_junkshop,vulkan,1,14,75.064200
after,blender_junkshop,vulkan,1,15,74.799500
after,blender_junkshop,vulkan,1,16,67.697000
after,blender_junkshop,vulkan,1,17,73.353200
after,blender_junkshop,vulkan,1,18,69.257300
after,blender_junkshop,vulkan,1,19,79.344600
after,blender_junkshop,vulkan,1,20,70.275100
after,blender_junkshop,vulkan,1,21,74.521300
after,blender_junkshop,vulkan,1,22,81.473500
after,blender_junkshop,vulkan,1,23,76.057300
after,blender_junkshop,vulkan,1,24,74.985700
after,blender_junkshop,vulkan,1,25,71.532900
after,blender_junkshop,vulkan,1,26,75.431700
after,blender_junkshop,vulkan,1,27,82.919100
after,blender_junkshop,vulkan,1,28,67.656500
after,blender_junkshop,vulkan,1,29,67.860200
after,blender_junkshop,vulkan,1,30,71.104000
after,blender_junkshop,vulkan,1,31,73.384700
after,blender_junkshop,vulkan,1,32,75.037500
after,blender_junkshop,vulkan,1,33,77.353500
after,blender_junkshop,vulkan,1,34,76.193500
after,blender_junkshop,vulkan,1,35,76.091100
after,blender_junkshop,vulkan,1,36,74.731600
after,blender_junkshop,vulkan,1,37,66.494600
after,blender_junkshop,vulkan,1,38,66.834700
after,blender_junkshop,vulkan,1,39,66.800200
after,blender_junkshop,vulkan,1,40,66.315000
after,blender_junkshop,vulkan,1,41,66.800500
after,blender_junkshop,vulkan,1,42,67.777200
after,blender_junkshop,vulkan,1,43,78.330700
after,blender_junkshop,vulkan,1,44,74.402600
after,blender_junkshop,vulkan,1,45,76.366600
after,blender_junkshop,vulkan,1,46,70.897400
after,blender_junkshop,vulkan,1,47,76.130500
after,blender_junkshop,vulkan,1,48,78.902900
after,blender_junkshop,vulkan,1,49,76.252200
after,blender_junkshop,vulkan,1,50,72.020300
after,blender_junkshop,vulkan,1,51,72.478700
after,blender_junkshop,vulkan,1,52,76.947000
after,blender_junkshop,vulkan,1,53,71.706000
after,blender_junkshop,vulkan,1,54,76.403600
after,blender_junkshop,vulkan,1,55,78.399100
after,blender_junkshop,vulkan,1,56,80.851400
after,blender_junkshop,vulkan,1,57,67.013200
after,blender_junkshop,vulkan,1,58,78.568100
after,blender_junkshop,vulkan,1,59,72.718500
after,blender_junkshop,vulkan,1,60,73.959900
after,blender_junkshop,vulkan,1,61,74.515300
after,blender_junkshop,vulkan,1,62,75.934500
after,blender_junkshop,vulkan,1,63,76.877300
after,blender_junkshop,vulkan,1,64,73.281600
after,blender_junkshop,vulkan,1,65,82.047600
after,blender_junkshop,vulkan,1,66,72.675100
after,blender_junkshop,vulkan,1,67,72.913800
after,blender_junkshop,vulkan,1,68,75.627600
after,blender_junkshop,vulkan,1,69,79.696300
after,blender_junkshop,vulkan,1,70,70.643600
after,blender_junkshop,vulkan,1,71,75.501600
after,blender_junkshop,vulkan,1,72,79.053500
after,blender_junkshop,vulkan,1,73,77.604800
after,blender_junkshop,vulkan,1,74,74.599300
after,blender_junkshop,vulkan,1,75,71.495000
after,blender_junkshop,vulkan,1,76,73.181600
after,blender_junkshop,vulkan,1,77,76.544800
after,blender_junkshop,vulkan,1,78,69.920700
after,blender_junkshop,vulkan,1,79,80.488900
after,blender_junkshop,vulkan,1,80,77.689100
after,blender_junkshop,vulkan,1,81,73.147100
after,blender_junkshop,vulkan,1,82,77.251700
after,blender_junkshop,vulkan,1,83,68.593400
after,blender_junkshop,vulkan,1,84,75.857100
after,blender_junkshop,vulkan,1,85,72.375300
after,blender_junkshop,vulkan,1,86,68.154700
after,blender_junkshop,vulkan,1,87,73.739200
after,blender_junkshop,vulkan,1,88,80.768900
after,blender_junkshop,vulkan,1,89,77.439100
after,blender_junkshop,vulkan,1,90,76.479900
after,blender_junkshop,vulkan,1,91,77.995900
after,blender_junkshop,vulkan,1,92,70.174700
after,blender_junkshop,vulkan,1,93,74.815800
after,blender_junkshop,vulkan,1,94,75.037500
after,blender_junkshop,vulkan,1,95,73.579600
after,blender_junkshop,vulkan,1,96,72.630500
after,blender_junkshop,vulkan,1,97,69.815200
after,blender_junkshop,vulkan,1,98,79.181300
after,blender_junkshop,vulkan,1,99,76.163000
after,blender_junkshop,vulkan,1,100,76.316300
after,blender_junkshop,vulkan,1,101,67.404300
after,blender_junkshop,vulkan,1,102,76.888700
after,blender_junkshop,vulkan,1,103,79.561200
after,blender_junkshop,vulkan,1,104,77.347000
after,blender_junkshop,vulkan,1,105,72.052000
after,blender_junkshop,vulkan,1,106,76.574400
after,blender_junkshop,vulkan,1,107,85.001900
after,blender_junkshop,vulkan,1,108,67.756200
after,blender_junkshop,vulkan,1,109,75.917400
after,blender_junkshop,vulkan,1,110,78.261100
after,blender_junkshop,vulkan,1,111,75.669200
after,blender_junkshop,vulkan,1,112,68.165700
after,blender_junkshop,vulkan,1,113,70.312200
after,blender_junkshop,vulkan,1,114,72.915100
after,blender_junkshop,vulkan,1,115,67.399000
after,blender_junkshop,vulkan,1,116,75.014800
after,blender_junkshop,vulkan,1,117,67.757900
after,blender_junkshop,vulkan,1,118,70.159600
after,blender_junkshop,vulkan,1,119,67.771900
after,blender_junkshop,vulkan,2,0,4074.459900
after,blender_junkshop,vulkan,2,1,134.307300
after,blender_junkshop,vulkan,2,2,72.584300
after,blender_junkshop,vulkan,2,3,77.444700
after,blender_junkshop,vulkan,2,4,71.061600
after,blender_junkshop,vulkan,2,5,71.181600
after,blender_junkshop,vulkan,2,6,68.718300
after,blender_junkshop,vulkan,2,7,71.463300
after,blender_junkshop,vulkan,2,8,71.502900
after,blender_junkshop,vulkan,2,9,70.308200
after,blender_junkshop,vulkan,2,10,74.424400
after,blender_junkshop,vulkan,2,11,73.823300
after,blender_junkshop,vulkan,2,12,75.301200
after,blender_junkshop,vulkan,2,13,75.607400
after,blender_junkshop,vulkan,2,14,75.105800
after,blender_junkshop,vulkan,2,15,72.434500
after,blender_junkshop,vulkan,2,16,69.683900
after,blender_junkshop,vulkan,2,17,73.838000
after,blender_junkshop,vulkan,2,18,72.981100
after,blender_junkshop,vulkan,2,19,74.556500
after,blender_junkshop,vulkan,2,20,76.691900
after,blender_junkshop,vulkan,2,21,77.173400
after,blender_junkshop,vulkan,2,22,75.527200
after,blender_junkshop,vulkan,2,23,70.553100
after,blender_junkshop,vulkan,2,24,73.525000
after,blender_junkshop,vulkan,2,25,67.037600
after,blender_junkshop,vulkan,2,26,68.409800
after,blender_junkshop,vulkan,2,27,73.348300
after,blender_junkshop,vulkan,2,28,69.364700
after,blender_junkshop,vulkan,2,29,71.173700
after,blender_junkshop,vulkan,2,30,76.314700
after,blender_junkshop,vulkan,2,31,75.421600
after,blender_junkshop,vulkan,2,32,76.830900
after,blender_junkshop,vulkan,2,33,67.922100
after,blender_junkshop,vulkan,2,34,75.683700
after,blender_junkshop,vulkan,2,35,80.120900
after,blender_junkshop,vulkan,2,36,75.441800
after,blender_junkshop,vulkan,2,37,70.064000
after,blender_junkshop,vulkan,2,38,78.534000
after,blender_junkshop,vulkan,2,39,76.437800
after,blender_junkshop,vulkan,2,40,71.282300
after,blender_junkshop,vulkan,2,41,74.844300
after,blender_junkshop,vulkan,2,42,75.525000
after,blender_junkshop,vulkan,2,43,68.756100
after,blender_junkshop,vulkan,2,44,75.998500
after,blender_junkshop,vulkan,2,45,66.750100
after,blender_junkshop,vulkan,2,46,71.256000
after,blender_junkshop,vulkan,2,47,70.562400
after,blender_junkshop,vulkan,2,48,69.312400
after,blender_junkshop,vulkan,2,49,66.153200
after,blender_junkshop,vulkan,2,50,66.536900
after,blender_junkshop,vulkan,2,51,66.818300
after,blender_junkshop,vulkan,2,52,66.677700
after,blender_junkshop,vulkan,2,53,67.849500
after,blender_junkshop,vulkan,2,54,71.168000
after,blender_junkshop,vulkan,2,55,65.942800
after,blender_junkshop,vulkan,2,56,66.011600
after,blender_junkshop,vulkan,2,57,66.252500
after,blender_junkshop,vulkan,2,58,66.205200
after,blender_junkshop,vulkan,2,59,67.377200
after,blender_junkshop,vulkan,2,60,66.654300
after,blender_junkshop,vulkan,2,61,67.327300
after,blender_junkshop,vulkan,2,62,67.988700
after,blender_junkshop,vulkan,2,63,66.139900
after,blender_junkshop,vulkan,2,64,68.790300
after,blender_junkshop,vulkan,2,65,66.896200
after,blender_junkshop,vulkan,2,66,66.075800
after,blender_junkshop,vulkan,2,67,67.517500
after,blender_junkshop,vulkan,2,68,66.252600
after,blender_junkshop,vulkan,2,69,66.878900
after,blender_junkshop,vulkan,2,70,67.215700
after,blender_junkshop,vulkan,2,71,66.443700
after,blender_junkshop,vulkan,2,72,66.225400
after,blender_junkshop,vulkan,2,73,66.618100
after,blender_junkshop,vulkan,2,74,66.320100
after,blender_junkshop,vulkan,2,75,67.434100
after,blender_junkshop,vulkan,2,76,66.871400
after,blender_junkshop,vulkan,2,77,68.635600
after,blender_junkshop,vulkan,2,78,67.635000
after,blender_junkshop,vulkan,2,79,72.793300
after,blender_junkshop,vulkan,2,80,77.204400
after,blender_junkshop,vulkan,2,81,77.021000
after,blender_junkshop,vulkan,2,82,76.017600
after,blender_junkshop,vulkan,2,83,76.235400
after,blender_junkshop,vulkan,2,84,73.760800
after,blender_junkshop,vulkan,2,85,70.872000
after,blender_junkshop,vulkan,2,86,73.589600
after,blender_junkshop,vulkan,2,87,72.158400
after,blender_junkshop,vulkan,2,88,75.279600
after,blender_junkshop,vulkan,2,89,69.525400
after,blender_junkshop,vulkan,2,90,73.236800
after,blender_junkshop,vulkan,2,91,74.488100
after,blender_junkshop,vulkan,2,92,75.400300
after,blender_junkshop,vulkan,2,93,73.907400
after,blender_junkshop,vulkan,2,94,76.240600
after,blender_junkshop,vulkan,2,95,69.489800
after,blender_junkshop,vulkan,2,96,71.708900
after,blender_junkshop,vulkan,2,97,77.343000
after,blender_junkshop,vulkan,2,98,75.406300
after,blender_junkshop,vulkan,2,99,77.269200
after,blender_junkshop,vulkan,2,100,78.711500
after,blender_junkshop,vulkan,2,101,76.146600
after,blender_junkshop,vulkan,2,102,79.321600
after,blender_junkshop,vulkan,2,103,74.398600
after,blender_junkshop,vulkan,2,104,74.975600
after,blender_junkshop,vulkan,2,105,72.897200
after,blender_junkshop,vulkan,2,106,70.653700
after,blender_junkshop,vulkan,2,107,70.067700
after,blender_junkshop,vulkan,2,108,72.331700
after,blender_junkshop,vulkan,2,109,77.570200
after,blender_junkshop,vulkan,2,110,76.898000
after,blender_junkshop,vulkan,2,111,66.904300
after,blender_junkshop,vulkan,2,112,74.357100
after,blender_junkshop,vulkan,2,113,71.683400
after,blender_junkshop,vulkan,2,114,73.559600
after,blender_junkshop,vulkan,2,115,73.900000
after,blender_junkshop,vulkan,2,116,71.515000
after,blender_junkshop,vulkan,2,117,76.804200
after,blender_junkshop,vulkan,2,118,76.443000
after,blender_junkshop,vulkan,2,119,76.679900
before,blender_junkshop,vulkan,1,0,6030.056000
before,blender_junkshop,vulkan,1,1,142.343900
before,blender_junkshop,vulkan,1,2,79.936000
before,blender_junkshop,vulkan,1,3,79.198100
before,blender_junkshop,vulkan,1,4,75.427600
before,blender_junkshop,vulkan,1,5,71.162200
before,blender_junkshop,vulkan,1,6,73.243000
before,blender_junkshop,vulkan,1,7,69.443900
before,blender_junkshop,vulkan,1,8,71.381000
before,blender_junkshop,vulkan,1,9,72.856000
before,blender_junkshop,vulkan,1,10,73.830400
before,blender_junkshop,vulkan,1,11,74.705200
before,blender_junkshop,vulkan,1,12,74.414000
before,blender_junkshop,vulkan,1,13,76.226700
before,blender_junkshop,vulkan,1,14,69.710900
before,blender_junkshop,vulkan,1,15,73.995000
before,blender_junkshop,vulkan,1,16,72.532800
before,blender_junkshop,vulkan,1,17,69.578200
before,blender_junkshop,vulkan,1,18,74.918800
before,blender_junkshop,vulkan,1,19,69.060800
before,blender_junkshop,vulkan,1,20,70.940300
before,blender_junkshop,vulkan,1,21,75.932900
before,blender_junkshop,vulkan,1,22,67.888100
before,blender_junkshop,vulkan,1,23,73.621700
before,blender_junkshop,vulkan,1,24,72.905900
before,blender_junkshop,vulkan,1,25,71.952600
before,blender_junkshop,vulkan,1,26,68.082400
before,blender_junkshop,vulkan,1,27,72.878200
before,blender_junkshop,vulkan,1,28,71.911100
before,blender_junkshop,vulkan,1,29,77.215100
before,blender_junkshop,vulkan,1,30,73.271800
before,blender_junkshop,vulkan,1,31,72.985100
before,blender_junkshop,vulkan,1,32,71.159900
before,blender_junkshop,vulkan,1,33,72.944700
before,blender_junkshop,vulkan,1,34,72.543200
before,blender_junkshop,vulkan,1,35,73.558700
before,blender_junkshop,vulkan,1,36,67.183900
before,blender_junkshop,vulkan,1,37,78.236800
before,blender_junkshop,vulkan,1,38,69.805700
before,blender_junkshop,vulkan,1,39,72.352000
before,blender_junkshop,vulkan,1,40,74.297600
before,blender_junkshop,vulkan,1,41,73.263600
before,blender_junkshop,vulkan,1,42,73.572400
before,blender_junkshop,vulkan,1,43,72.770700
before,blender_junkshop,vulkan,1,44,72.083200
before,blender_junkshop,vulkan,1,45,78.715400
before,blender_junkshop,vulkan,1,46,73.003900
before,blender_junkshop,vulkan,1,47,69.880100
before,blender_junkshop,vulkan,1,48,72.931600
before,blender_junkshop,vulkan,1,49,74.441300
before,blender_junkshop,vulkan,1,50,73.617300
before,blender_junkshop,vulkan,1,51,75.504500
before,blender_junkshop,vulkan,1,52,74.099100
before,blender_junkshop,vulkan,1,53,75.105500
before,blender_junkshop,vulkan,1,54,71.105200
before,blender_junkshop,vulkan,1,55,73.369700
before,blender_junkshop,vulkan,1,56,67.669300
before,blender_junkshop,vulkan,1,57,71.406700
before,blender_junkshop,vulkan,1,58,68.464400
before,blender_junkshop,vulkan,1,59,71.673700
before,blender_junkshop,vulkan,1,60,74.644500
before,blender_junkshop,vulkan,1,61,66.763900
before,blender_junkshop,vulkan,1,62,71.574600
before,blender_junkshop,vulkan,1,63,73.749300
before,blender_junkshop,vulkan,1,64,75.590200
before,blender_junkshop,vulkan,1,65,68.391400
before,blender_junkshop,vulkan,1,66,69.394100
before,blender_junkshop,vulkan,1,67,76.837300
before,blender_junkshop,vulkan,1,68,80.290700
before,blender_junkshop,vulkan,1,69,70.152200
before,blender_junkshop,vulkan,1,70,74.845400
before,blender_junkshop,vulkan,1,71,76.817500
before,blender_junkshop,vulkan,1,72,76.048600
before,blender_junkshop,vulkan,1,73,75.988400
before,blender_junkshop,vulkan,1,74,78.540100
before,blender_junkshop,vulkan,1,75,69.605100
before,blender_junkshop,vulkan,1,76,75.260500
before,blender_junkshop,vulkan,1,77,70.891000
before,blender_junkshop,vulkan,1,78,67.757300
before,blender_junkshop,vulkan,1,79,66.238000
before,blender_junkshop,vulkan,1,80,71.001600
before,blender_junkshop,vulkan,1,81,66.560100
before,blender_junkshop,vulkan,1,82,66.940800
before,blender_junkshop,vulkan,1,83,69.202100
before,blender_junkshop,vulkan,1,84,68.335100
before,blender_junkshop,vulkan,1,85,66.810100
before,blender_junkshop,vulkan,1,86,66.735100
before,blender_junkshop,vulkan,1,87,70.097000
before,blender_junkshop,vulkan,1,88,76.429900
before,blender_junkshop,vulkan,1,89,75.042000
before,blender_junkshop,vulkan,1,90,66.865100
before,blender_junkshop,vulkan,1,91,70.133700
before,blender_junkshop,vulkan,1,92,68.112000
before,blender_junkshop,vulkan,1,93,66.906300
before,blender_junkshop,vulkan,1,94,66.206000
before,blender_junkshop,vulkan,1,95,66.639200
before,blender_junkshop,vulkan,1,96,66.960000
before,blender_junkshop,vulkan,1,97,66.213900
before,blender_junkshop,vulkan,1,98,68.460400
before,blender_junkshop,vulkan,1,99,67.218500
before,blender_junkshop,vulkan,1,100,72.467600
before,blender_junkshop,vulkan,1,101,67.154700
before,blender_junkshop,vulkan,1,102,70.363800
before,blender_junkshop,vulkan,1,103,69.045400
before,blender_junkshop,vulkan,1,104,70.848400
before,blender_junkshop,vulkan,1,105,70.557400
before,blender_junkshop,vulkan,1,106,70.590300
before,blender_junkshop,vulkan,1,107,72.457800
before,blender_junkshop,vulkan,1,108,81.649500
before,blender_junkshop,vulkan,1,109,70.124200
before,blender_junkshop,vulkan,1,110,69.172200
before,blender_junkshop,vulkan,1,111,71.878400
before,blender_junkshop,vulkan,1,112,72.205100
before,blender_junkshop,vulkan,1,113,70.739000
before,blender_junkshop,vulkan,1,114,68.675700
before,blender_junkshop,vulkan,1,115,67.353800
before,blender_junkshop,vulkan,1,116,72.629700
before,blender_junkshop,vulkan,1,117,69.766400
before,blender_junkshop,vulkan,1,118,67.090400
before,blender_junkshop,vulkan,1,119,70.248800
before,blender_junkshop,vulkan,2,0,4048.940500
before,blender_junkshop,vulkan,2,1,136.871500
before,blender_junkshop,vulkan,2,2,83.714200
before,blender_junkshop,vulkan,2,3,78.171600
before,blender_junkshop,vulkan,2,4,67.448600
before,blender_junkshop,vulkan,2,5,74.393400
before,blender_junkshop,vulkan,2,6,76.464300
before,blender_junkshop,vulkan,2,7,75.277700
before,blender_junkshop,vulkan,2,8,75.979900
before,blender_junkshop,vulkan,2,9,75.870800
before,blender_junkshop,vulkan,2,10,77.916200
before,blender_junkshop,vulkan,2,11,69.829900
before,blender_junkshop,vulkan,2,12,75.392000
before,blender_junkshop,vulkan,2,13,67.379200
before,blender_junkshop,vulkan,2,14,76.073900
before,blender_junkshop,vulkan,2,15,76.318900
before,blender_junkshop,vulkan,2,16,74.865700
before,blender_junkshop,vulkan,2,17,76.650200
before,blender_junkshop,vulkan,2,18,68.634900
before,blender_junkshop,vulkan,2,19,75.021300
before,blender_junkshop,vulkan,2,20,74.726600
before,blender_junkshop,vulkan,2,21,77.320900
before,blender_junkshop,vulkan,2,22,80.058800
before,blender_junkshop,vulkan,2,23,70.885100
before,blender_junkshop,vulkan,2,24,78.787400
before,blender_junkshop,vulkan,2,25,71.926100
before,blender_junkshop,vulkan,2,26,74.387100
before,blender_junkshop,vulkan,2,27,75.408400
before,blender_junkshop,vulkan,2,28,81.191000
before,blender_junkshop,vulkan,2,29,84.904300
before,blender_junkshop,vulkan,2,30,78.697700
before,blender_junkshop,vulkan,2,31,81.234300
before,blender_junkshop,vulkan,2,32,71.504500
before,blender_junkshop,vulkan,2,33,77.552600
before,blender_junkshop,vulkan,2,34,77.922600
before,blender_junkshop,vulkan,2,35,81.045800
before,blender_junkshop,vulkan,2,36,69.897500
before,blender_junkshop,vulkan,2,37,77.691300
before,blender_junkshop,vulkan,2,38,71.898100
before,blender_junkshop,vulkan,2,39,70.139100
before,blender_junkshop,vulkan,2,40,79.094400
before,blender_junkshop,vulkan,2,41,67.343300
before,blender_junkshop,vulkan,2,42,74.855600
before,blender_junkshop,vulkan,2,43,75.717400
before,blender_junkshop,vulkan,2,44,70.215700
before,blender_junkshop,vulkan,2,45,67.282100
before,blender_junkshop,vulkan,2,46,69.967800
before,blender_junkshop,vulkan,2,47,73.217900
before,blender_junkshop,vulkan,2,48,77.042300
before,blender_junkshop,vulkan,2,49,79.629400
before,blender_junkshop,vulkan,2,50,79.953600
before,blender_junkshop,vulkan,2,51,75.946500
before,blender_junkshop,vulkan,2,52,74.201400
before,blender_junkshop,vulkan,2,53,68.929300
before,blender_junkshop,vulkan,2,54,73.684100
before,blender_junkshop,vulkan,2,55,76.837100
before,blender_junkshop,vulkan,2,56,74.537800
before,blender_junkshop,vulkan,2,57,75.673000
before,blender_junkshop,vulkan,2,58,74.729200
before,blender_junkshop,vulkan,2,59,74.253600
before,blender_junkshop,vulkan,2,60,67.962700
before,blender_junkshop,vulkan,2,61,74.363700
before,blender_junkshop,vulkan,2,62,73.377200
before,blender_junkshop,vulkan,2,63,76.406500
before,blender_junkshop,vulkan,2,64,76.708600
before,blender_junkshop,vulkan,2,65,79.693700
before,blender_junkshop,vulkan,2,66,70.130400
before,blender_junkshop,vulkan,2,67,76.112000
before,blender_junkshop,vulkan,2,68,76.356500
before,blender_junkshop,vulkan,2,69,76.522000
before,blender_junkshop,vulkan,2,70,76.868400
before,blender_junkshop,vulkan,2,71,72.862800
before,blender_junkshop,vulkan,2,72,75.771500
before,blender_junkshop,vulkan,2,73,72.757900
before,blender_junkshop,vulkan,2,74,68.326800
before,blender_junkshop,vulkan,2,75,75.150600
before,blender_junkshop,vulkan,2,76,71.994100
before,blender_junkshop,vulkan,2,77,73.087800
before,blender_junkshop,vulkan,2,78,70.746300
before,blender_junkshop,vulkan,2,79,75.504300
before,blender_junkshop,vulkan,2,80,73.500900
before,blender_junkshop,vulkan,2,81,76.132200
before,blender_junkshop,vulkan,2,82,76.283600
before,blender_junkshop,vulkan,2,83,72.761200
before,blender_junkshop,vulkan,2,84,69.487200
before,blender_junkshop,vulkan,2,85,67.635900
before,blender_junkshop,vulkan,2,86,72.452100
before,blender_junkshop,vulkan,2,87,72.960300
before,blender_junkshop,vulkan,2,88,75.061100
before,blender_junkshop,vulkan,2,89,67.498900
before,blender_junkshop,vulkan,2,90,66.903100
before,blender_junkshop,vulkan,2,91,66.770900
before,blender_junkshop,vulkan,2,92,69.021700
before,blender_junkshop,vulkan,2,93,67.149600
before,blender_junkshop,vulkan,2,94,66.550100
before,blender_junkshop,vulkan,2,95,67.488700
before,blender_junkshop,vulkan,2,96,67.129800
before,blender_junkshop,vulkan,2,97,67.326000
before,blender_junkshop,vulkan,2,98,67.503400
before,blender_junkshop,vulkan,2,99,67.292400
before,blender_junkshop,vulkan,2,100,68.050900
before,blender_junkshop,vulkan,2,101,67.290300
before,blender_junkshop,vulkan,2,102,68.367200
before,blender_junkshop,vulkan,2,103,67.386900
before,blender_junkshop,vulkan,2,104,66.579000
before,blender_junkshop,vulkan,2,105,66.958100
before,blender_junkshop,vulkan,2,106,67.822400
before,blender_junkshop,vulkan,2,107,66.775300
before,blender_junkshop,vulkan,2,108,69.456100
before,blender_junkshop,vulkan,2,109,66.421300
before,blender_junkshop,vulkan,2,110,67.024000
before,blender_junkshop,vulkan,2,111,67.829500
before,blender_junkshop,vulkan,2,112,67.580700
before,blender_junkshop,vulkan,2,113,73.131300
before,blender_junkshop,vulkan,2,114,76.371300
before,blender_junkshop,vulkan,2,115,78.710600
before,blender_junkshop,vulkan,2,116,76.486700
before,blender_junkshop,vulkan,2,117,75.644400
before,blender_junkshop,vulkan,2,118,77.578300
before,blender_junkshop,vulkan,2,119,67.264500
after,blender_monster,d3d12,1,0,2966.284600
after,blender_monster,d3d12,1,1,78.479200
after,blender_monster,d3d12,1,2,78.704700
after,blender_monster,d3d12,1,3,78.471200
after,blender_monster,d3d12,1,4,71.414700
after,blender_monster,d3d12,1,5,73.437600
after,blender_monster,d3d12,1,6,67.785500
after,blender_monster,d3d12,1,7,70.142500
after,blender_monster,d3d12,1,8,70.690800
after,blender_monster,d3d12,1,9,70.724500
after,blender_monster,d3d12,1,10,65.615600
after,blender_monster,d3d12,1,11,64.882600
after,blender_monster,d3d12,1,12,65.557900
after,blender_monster,d3d12,1,13,68.489700
after,blender_monster,d3d12,1,14,67.458700
after,blender_monster,d3d12,1,15,69.089300
after,blender_monster,d3d12,1,16,67.783300
after,blender_monster,d3d12,1,17,65.305100
after,blender_monster,d3d12,1,18,67.613500
after,blender_monster,d3d12,1,19,68.637200
after,blender_monster,d3d12,1,20,65.993800
after,blender_monster,d3d12,1,21,67.569300
after,blender_monster,d3d12,1,22,66.029000
after,blender_monster,d3d12,1,23,68.423200
after,blender_monster,d3d12,1,24,67.363300
after,blender_monster,d3d12,1,25,65.116400
after,blender_monster,d3d12,1,26,66.553800
after,blender_monster,d3d12,1,27,65.233100
after,blender_monster,d3d12,1,28,63.692900
after,blender_monster,d3d12,1,29,63.803200
after,blender_monster,d3d12,1,30,64.043400
after,blender_monster,d3d12,1,31,65.395500
after,blender_monster,d3d12,1,32,67.127300
after,blender_monster,d3d12,1,33,67.098600
after,blender_monster,d3d12,1,34,64.398000
after,blender_monster,d3d12,1,35,65.848200
after,blender_monster,d3d12,1,36,67.584600
after,blender_monster,d3d12,1,37,64.550000
after,blender_monster,d3d12,1,38,67.411200
after,blender_monster,d3d12,1,39,70.953900
after,blender_monster,d3d12,1,40,69.683500
after,blender_monster,d3d12,1,41,75.122300
after,blender_monster,d3d12,1,42,71.987900
after,blender_monster,d3d12,1,43,72.146400
after,blender_monster,d3d12,1,44,75.201400
after,blender_monster,d3d12,1,45,68.733000
after,blender_monster,d3d12,1,46,74.032600
after,blender_monster,d3d12,1,47,72.200300
after,blender_monster,d3d12,1,48,74.121600
after,blender_monster,d3d12,1,49,66.598100
after,blender_monster,d3d12,1,50,66.111500
after,blender_monster,d3d12,1,51,73.376000
after,blender_monster,d3d12,1,52,68.900400
after,blender_monster,d3d12,1,53,70.404800
after,blender_monster,d3d12,1,54,73.531100
after,blender_monster,d3d12,1,55,71.339000
after,blender_monster,d3d12,1,56,78.883300
after,blender_monster,d3d12,1,57,71.945300
after,blender_monster,d3d12,1,58,76.984000
after,blender_monster,d3d12,1,59,73.703200
after,blender_monster,d3d12,1,60,66.950600
after,blender_monster,d3d12,1,61,72.670500
after,blender_monster,d3d12,1,62,64.960000
after,blender_monster,d3d12,1,63,76.751700
after,blender_monster,d3d12,1,64,77.124800
after,blender_monster,d3d12,1,65,70.597800
after,blender_monster,d3d12,1,66,66.456600
after,blender_monster,d3d12,1,67,68.591900
after,blender_monster,d3d12,1,68,70.982000
after,blender_monster,d3d12,1,69,67.014000
after,blender_monster,d3d12,1,70,67.537800
after,blender_monster,d3d12,1,71,70.669400
after,blender_monster,d3d12,1,72,76.570400
after,blender_monster,d3d12,1,73,75.055300
after,blender_monster,d3d12,1,74,76.239100
after,blender_monster,d3d12,1,75,71.596000
after,blender_monster,d3d12,1,76,69.689900
after,blender_monster,d3d12,1,77,73.388500
after,blender_monster,d3d12,1,78,76.721500
after,blender_monster,d3d12,1,79,76.068200
after,blender_monster,d3d12,1,80,69.449400
after,blender_monster,d3d12,1,81,71.483300
after,blender_monster,d3d12,1,82,73.515100
after,blender_monster,d3d12,1,83,66.349300
after,blender_monster,d3d12,1,84,76.677000
after,blender_monster,d3d12,1,85,74.250200
after,blender_monster,d3d12,1,86,75.192800
after,blender_monster,d3d12,1,87,78.150500
after,blender_monster,d3d12,1,88,67.873000
after,blender_monster,d3d12,1,89,65.125300
after,blender_monster,d3d12,1,90,70.963900
after,blender_monster,d3d12,1,91,65.139200
after,blender_monster,d3d12,1,92,66.866400
after,blender_monster,d3d12,1,93,72.016700
after,blender_monster,d3d12,1,94,65.807600
after,blender_monster,d3d12,1,95,73.786900
after,blender_monster,d3d12,1,96,69.600800
after,blender_monster,d3d12,1,97,71.359000
after,blender_monster,d3d12,1,98,72.985800
after,blender_monster,d3d12,1,99,73.947200
after,blender_monster,d3d12,1,100,67.405400
after,blender_monster,d3d12,1,101,74.224100
after,blender_monster,d3d12,1,102,73.794300
after,blender_monster,d3d12,1,103,74.059300
after,blender_monster,d3d12,1,104,67.896600
after,blender_monster,d3d12,1,105,65.935800
after,blender_monster,d3d12,1,106,72.352200
after,blender_monster,d3d12,1,107,71.114200
after,blender_monster,d3d12,1,108,64.950300
after,blender_monster,d3d12,1,109,66.019800
after,blender_monster,d3d12,1,110,68.561200
after,blender_monster,d3d12,1,111,67.238800
after,blender_monster,d3d12,1,112,69.687800
after,blender_monster,d3d12,1,113,70.303900
after,blender_monster,d3d12,1,114,72.064500
after,blender_monster,d3d12,1,115,70.105000
after,blender_monster,d3d12,1,116,69.737300
after,blender_monster,d3d12,1,117,69.107200
after,blender_monster,d3d12,1,118,64.537100
after,blender_monster,d3d12,1,119,69.495500
after,blender_monster,d3d12,2,0,2977.718500
after,blender_monster,d3d12,2,1,117.547600
after,blender_monster,d3d12,2,2,77.150600
after,blender_monster,d3d12,2,3,75.170000
after,blender_monster,d3d12,2,4,71.754300
after,blender_monster,d3d12,2,5,66.566200
after,blender_monster,d3d12,2,6,64.014400
after,blender_monster,d3d12,2,7,73.296900
after,blender_monster,d3d12,2,8,68.639300
after,blender_monster,d3d12,2,9,69.000200
after,blender_monster,d3d12,2,10,72.788600
after,blender_monster,d3d12,2,11,69.825000
after,blender_monster,d3d12,2,12,68.256200
after,blender_monster,d3d12,2,13,72.089900
after,blender_monster,d3d12,2,14,71.815300
after,blender_monster,d3d12,2,15,72.473600
after,blender_monster,d3d12,2,16,66.635900
after,blender_monster,d3d12,2,17,72.679500
after,blender_monster,d3d12,2,18,72.867600
after,blender_monster,d3d12,2,19,69.238600
after,blender_monster,d3d12,2,20,64.341200
after,blender_monster,d3d12,2,21,72.796900
after,blender_monster,d3d12,2,22,64.488400
after,blender_monster,d3d12,2,23,72.116300
after,blender_monster,d3d12,2,24,71.717500
after,blender_monster,d3d12,2,25,71.000100
after,blender_monster,d3d12,2,26,70.312800
after,blender_monster,d3d12,2,27,73.549000
after,blender_monster,d3d12,2,28,69.516300
after,blender_monster,d3d12,2,29,70.789700
after,blender_monster,d3d12,2,30,71.066200
after,blender_monster,d3d12,2,31,72.596900
after,blender_monster,d3d12,2,32,72.747900
after,blender_monster,d3d12,2,33,78.139900
after,blender_monster,d3d12,2,34,72.535800
after,blender_monster,d3d12,2,35,70.962300
after,blender_monster,d3d12,2,36,67.558400
after,blender_monster,d3d12,2,37,68.473100
after,blender_monster,d3d12,2,38,75.196400
after,blender_monster,d3d12,2,39,77.563000
after,blender_monster,d3d12,2,40,73.953700
after,blender_monster,d3d12,2,41,73.773300
after,blender_monster,d3d12,2,42,64.309200
after,blender_monster,d3d12,2,43,71.612100
after,blender_monster,d3d12,2,44,71.268700
after,blender_monster,d3d12,2,45,70.760700
after,blender_monster,d3d12,2,46,66.383100
after,blender_monster,d3d12,2,47,71.950800
after,blender_monster,d3d12,2,48,69.000300
after,blender_monster,d3d12,2,49,72.610700
after,blender_monster,d3d12,2,50,71.458700
after,blender_monster,d3d12,2,51,66.231200
after,blender_monster,d3d12,2,52,70.224300
after,blender_monster,d3d12,2,53,72.423500
after,blender_monster,d3d12,2,54,63.921700
after,blender_monster,d3d12,2,55,72.533700
after,blender_monster,d3d12,2,56,67.599800
after,blender_monster,d3d12,2,57,69.275600
after,blender_monster,d3d12,2,58,73.071900
after,blender_monster,d3d12,2,59,70.243100
after,blender_monster,d3d12,2,60,73.904200
after,blender_monster,d3d12,2,61,75.425200
after,blender_monster,d3d12,2,62,71.455800
after,blender_monster,d3d12,2,63,73.726900
after,blender_monster,d3d12,2,64,74.001900
after,blender_monster,d3d12,2,65,67.568500
after,blender_monster,d3d12,2,66,71.906500
after,blender_monster,d3d12,2,67,72.313800
after,blender_monster,d3d12,2,68,74.109100
after,blender_monster,d3d12,2,69,76.545400
after,blender_monster,d3d12,2,70,76.001000
after,blender_monster,d3d12,2,71,72.332400
after,blender_monster,d3d12,2,72,63.812500
after,blender_monster,d3d12,2,73,65.572900
after,blender_monster,d3d12,2,74,64.046100
after,blender_monster,d3d12,2,75,67.869300
after,blender_monster,d3d12,2,76,64.392500
after,blender_monster,d3d12,2,77,64.439000
after,blender_monster,d3d12,2,78,66.573800
after,blender_monster,d3d12,2,79,64.240200
after,blender_monster,d3d12,2,80,64.438000
after,blender_monster,d3d12,2,81,65.352400
after,blender_monster,d3d12,2,82,64.230100
after,blender_monster,d3d12,2,83,64.393500
after,blender_monster,d3d12,2,84,63.787900
after,blender_monster,d3d12,2,85,63.874100
after,blender_monster,d3d12,2,86,64.523600
after,blender_monster,d3d12,2,87,64.025500
after,blender_monster,d3d12,2,88,64.030400
after,blender_monster,d3d12,2,89,63.832900
after,blender_monster,d3d12,2,90,64.145400
after,blender_monster,d3d12,2,91,65.357500
after,blender_monster,d3d12,2,92,64.055000
after,blender_monster,d3d12,2,93,63.650300
after,blender_monster,d3d12,2,94,64.510300
after,blender_monster,d3d12,2,95,64.510600
after,blender_monster,d3d12,2,96,64.255800
after,blender_monster,d3d12,2,97,63.314500
after,blender_monster,d3d12,2,98,63.644600
after,blender_monster,d3d12,2,99,63.125100
after,blender_monster,d3d12,2,100,64.024700
after,blender_monster,d3d12,2,101,63.760500
after,blender_monster,d3d12,2,102,69.014500
after,blender_monster,d3d12,2,103,64.913900
after,blender_monster,d3d12,2,104,64.042000
after,blender_monster,d3d12,2,105,71.006200
after,blender_monster,d3d12,2,106,74.372800
after,blender_monster,d3d12,2,107,64.710500
after,blender_monster,d3d12,2,108,72.932400
after,blender_monster,d3d12,2,109,73.279000
after,blender_monster,d3d12,2,110,71.651000
after,blender_monster,d3d12,2,111,65.140500
after,blender_monster,d3d12,2,112,68.331900
after,blender_monster,d3d12,2,113,73.140100
after,blender_monster,d3d12,2,114,72.248300
after,blender_monster,d3d12,2,115,73.069500
after,blender_monster,d3d12,2,116,67.843000
after,blender_monster,d3d12,2,117,65.242800
after,blender_monster,d3d12,2,118,71.943300
after,blender_monster,d3d12,2,119,65.196300
before,blender_monster,d3d12,1,0,3472.717000
before,blender_monster,d3d12,1,1,137.605900
before,blender_monster,d3d12,1,2,73.418300
before,blender_monster,d3d12,1,3,73.107700
before,blender_monster,d3d12,1,4,68.847100
before,blender_monster,d3d12,1,5,73.497100
before,blender_monster,d3d12,1,6,73.818500
before,blender_monster,d3d12,1,7,67.533200
before,blender_monster,d3d12,1,8,74.329100
before,blender_monster,d3d12,1,9,71.257700
before,blender_monster,d3d12,1,10,77.798600
before,blender_monster,d3d12,1,11,66.745600
before,blender_monster,d3d12,1,12,74.148500
before,blender_monster,d3d12,1,13,81.214500
before,blender_monster,d3d12,1,14,72.302500
before,blender_monster,d3d12,1,15,71.189800
before,blender_monster,d3d12,1,16,69.582100
before,blender_monster,d3d12,1,17,65.228800
before,blender_monster,d3d12,1,18,78.585300
before,blender_monster,d3d12,1,19,70.077200
before,blender_monster,d3d12,1,20,74.786600
before,blender_monster,d3d12,1,21,72.954200
before,blender_monster,d3d12,1,22,67.962300
before,blender_monster,d3d12,1,23,75.156600
before,blender_monster,d3d12,1,24,69.820200
before,blender_monster,d3d12,1,25,68.091400
before,blender_monster,d3d12,1,26,64.522400
before,blender_monster,d3d12,1,27,64.422500
before,blender_monster,d3d12,1,28,67.568200
before,blender_monster,d3d12,1,29,64.691300
before,blender_monster,d3d12,1,30,64.734000
before,blender_monster,d3d12,1,31,64.590800
before,blender_monster,d3d12,1,32,69.200300
before,blender_monster,d3d12,1,33,64.684600
before,blender_monster,d3d12,1,34,66.280500
before,blender_monster,d3d12,1,35,66.354200
before,blender_monster,d3d12,1,36,64.157600
before,blender_monster,d3d12,1,37,64.593900
before,blender_monster,d3d12,1,38,65.165200
before,blender_monster,d3d12,1,39,64.527900
before,blender_monster,d3d12,1,40,67.471300
before,blender_monster,d3d12,1,41,66.077400
before,blender_monster,d3d12,1,42,64.857300
before,blender_monster,d3d12,1,43,64.469500
before,blender_monster,d3d12,1,44,65.251400
before,blender_monster,d3d12,1,45,64.431100
before,blender_monster,d3d12,1,46,64.739600
before,blender_monster,d3d12,1,47,64.942900
before,blender_monster,d3d12,1,48,67.194500
before,blender_monster,d3d12,1,49,73.102600
before,blender_monster,d3d12,1,50,73.511600
before,blender_monster,d3d12,1,51,66.127600
before,blender_monster,d3d12,1,52,76.933800
before,blender_monster,d3d12,1,53,70.737200
before,blender_monster,d3d12,1,54,65.314000
before,blender_monster,d3d12,1,55,71.979400
before,blender_monster,d3d12,1,56,75.771100
before,blender_monster,d3d12,1,57,78.117900
before,blender_monster,d3d12,1,58,69.917500
before,blender_monster,d3d12,1,59,74.243300
before,blender_monster,d3d12,1,60,70.069400
before,blender_monster,d3d12,1,61,64.211700
before,blender_monster,d3d12,1,62,71.624100
before,blender_monster,d3d12,1,63,65.101100
before,blender_monster,d3d12,1,64,74.442700
before,blender_monster,d3d12,1,65,68.278800
before,blender_monster,d3d12,1,66,67.650700
before,blender_monster,d3d12,1,67,72.971100
before,blender_monster,d3d12,1,68,72.902200
before,blender_monster,d3d12,1,69,71.720200
before,blender_monster,d3d12,1,70,70.562800
before,blender_monster,d3d12,1,71,74.742400
before,blender_monster,d3d12,1,72,74.182500
before,blender_monster,d3d12,1,73,72.347600
before,blender_monster,d3d12,1,74,70.619300
before,blender_monster,d3d12,1,75,73.595000
before,blender_monster,d3d12,1,76,66.783900
before,blender_monster,d3d12,1,77,78.421600
before,blender_monster,d3d12,1,78,76.983100
before,blender_monster,d3d12,1,79,66.510800
before,blender_monster,d3d12,1,80,73.708200
before,blender_monster,d3d12,1,81,75.159100
before,blender_monster,d3d12,1,82,73.310300
before,blender_monster,d3d12,1,83,73.762900
before,blender_monster,d3d12,1,84,75.243800
before,blender_monster,d3d12,1,85,78.416900
before,blender_monster,d3d12,1,86,73.128400
before,blender_monster,d3d12,1,87,73.506400
before,blender_monster,d3d12,1,88,68.113700
before,blender_monster,d3d12,1,89,77.104400
before,blender_monster,d3d12,1,90,76.815100
before,blender_monster,d3d12,1,91,72.717800
before,blender_monster,d3d12,1,92,68.874100
before,blender_monster,d3d12,1,93,68.757400
before,blender_monster,d3d12,1,94,74.691600
before,blender_monster,d3d12,1,95,75.984800
before,blender_monster,d3d12,1,96,78.868600
before,blender_monster,d3d12,1,97,69.948500
before,blender_monster,d3d12,1,98,72.564500
before,blender_monster,d3d12,1,99,71.390000
before,blender_monster,d3d12,1,100,68.967300
before,blender_monster,d3d12,1,101,73.814000
before,blender_monster,d3d12,1,102,72.983800
before,blender_monster,d3d12,1,103,70.786800
before,blender_monster,d3d12,1,104,76.064000
before,blender_monster,d3d12,1,105,68.809900
before,blender_monster,d3d12,1,106,69.631300
before,blender_monster,d3d12,1,107,69.434100
before,blender_monster,d3d12,1,108,77.228200
before,blender_monster,d3d12,1,109,74.800700
before,blender_monster,d3d12,1,110,73.315800
before,blender_monster,d3d12,1,111,67.786500
before,blender_monster,d3d12,1,112,74.501600
before,blender_monster,d3d12,1,113,75.339100
before,blender_monster,d3d12,1,114,69.058600
before,blender_monster,d3d12,1,115,69.569500
before,blender_monster,d3d12,1,116,73.348300
before,blender_monster,d3d12,1,117,75.509300
before,blender_monster,d3d12,1,118,74.841800
before,blender_monster,d3d12,1,119,81.163100
before,blender_monster,d3d12,2,0,2639.624300
before,blender_monster,d3d12,2,1,76.021600
before,blender_monster,d3d12,2,2,74.149300
before,blender_monster,d3d12,2,3,75.297600
before,blender_monster,d3d12,2,4,65.135000
before,blender_monster,d3d12,2,5,71.144900
before,blender_monster,d3d12,2,6,68.359600
before,blender_monster,d3d12,2,7,71.872300
before,blender_monster,d3d12,2,8,71.741700
before,blender_monster,d3d12,2,9,73.643000
before,blender_monster,d3d12,2,10,68.197400
before,blender_monster,d3d12,2,11,71.576300
before,blender_monster,d3d12,2,12,74.977400
before,blender_monster,d3d12,2,13,68.995600
before,blender_monster,d3d12,2,14,71.623400
before,blender_monster,d3d12,2,15,69.077200
before,blender_monster,d3d12,2,16,72.905900
before,blender_monster,d3d12,2,17,72.388400
before,blender_monster,d3d12,2,18,67.089700
before,blender_monster,d3d12,2,19,71.331800
before,blender_monster,d3d12,2,20,67.193900
before,blender_monster,d3d12,2,21,72.569700
before,blender_monster,d3d12,2,22,67.764400
before,blender_monster,d3d12,2,23,71.784300
before,blender_monster,d3d12,2,24,74.026900
before,blender_monster,d3d12,2,25,73.193500
before,blender_monster,d3d12,2,26,70.942400
before,blender_monster,d3d12,2,27,71.971400
before,blender_monster,d3d12,2,28,67.448900
before,blender_monster,d3d12,2,29,69.143600
before,blender_monster,d3d12,2,30,70.833600
before,blender_monster,d3d12,2,31,72.148400
before,blender_monster,d3d12,2,32,74.836500
before,blender_monster,d3d12,2,33,73.821500
before,blender_monster,d3d12,2,34,70.056300
before,blender_monster,d3d12,2,35,63.690400
before,blender_monster,d3d12,2,36,70.748000
before,blender_monster,d3d12,2,37,75.661500
before,blender_monster,d3d12,2,38,74.634400
before,blender_monster,d3d12,2,39,76.006100
before,blender_monster,d3d12,2,40,68.514500
before,blender_monster,d3d12,2,41,74.524400
before,blender_monster,d3d12,2,42,73.627500
before,blender_monster,d3d12,2,43,70.560400
before,blender_monster,d3d12,2,44,75.919900
before,blender_monster,d3d12,2,45,73.786600
before,blender_monster,d3d12,2,46,75.614100
before,blender_monster,d3d12,2,47,72.486500
before,blender_monster,d3d12,2,48,72.652200
before,blender_monster,d3d12,2,49,68.574000
before,blender_monster,d3d12,2,50,72.561000
before,blender_monster,d3d12,2,51,66.954200
before,blender_monster,d3d12,2,52,64.634200
before,blender_monster,d3d12,2,53,75.437600
before,blender_monster,d3d12,2,54,74.483900
before,blender_monster,d3d12,2,55,73.479300
before,blender_monster,d3d12,2,56,74.289000
before,blender_monster,d3d12,2,57,72.525800
before,blender_monster,d3d12,2,58,72.564300
before,blender_monster,d3d12,2,59,71.296900
before,blender_monster,d3d12,2,60,70.619300
before,blender_monster,d3d12,2,61,64.466900
before,blender_monster,d3d12,2,62,71.105700
before,blender_monster,d3d12,2,63,76.263700
before,blender_monster,d3d12,2,64,74.858600
before,blender_monster,d3d12,2,65,70.901400
before,blender_monster,d3d12,2,66,71.300100
before,blender_monster,d3d12,2,67,74.539100
before,blender_monster,d3d12,2,68,69.634400
before,blender_monster,d3d12,2,69,63.489700
before,blender_monster,d3d12,2,70,65.496300
before,blender_monster,d3d12,2,71,64.832700
before,blender_monster,d3d12,2,72,72.400000
before,blender_monster,d3d12,2,73,66.826200
before,blender_monster,d3d12,2,74,64.313400
before,blender_monster,d3d12,2,75,63.739400
before,blender_monster,d3d12,2,76,64.587200
before,blender_monster,d3d12,2,77,65.725800
before,blender_monster,d3d12,2,78,65.469300
before,blender_monster,d3d12,2,79,66.479200
before,blender_monster,d3d12,2,80,65.711900
before,blender_monster,d3d12,2,81,69.748400
before,blender_monster,d3d12,2,82,63.774400
before,blender_monster,d3d12,2,83,64.086000
before,blender_monster,d3d12,2,84,64.943300
before,blender_monster,d3d12,2,85,69.033700
before,blender_monster,d3d12,2,86,65.656400
before,blender_monster,d3d12,2,87,63.854800
before,blender_monster,d3d12,2,88,66.294900
before,blender_monster,d3d12,2,89,64.677300
before,blender_monster,d3d12,2,90,64.321000
before,blender_monster,d3d12,2,91,64.222200
before,blender_monster,d3d12,2,92,64.080200
before,blender_monster,d3d12,2,93,64.110300
before,blender_monster,d3d12,2,94,64.398000
before,blender_monster,d3d12,2,95,64.328600
before,blender_monster,d3d12,2,96,64.803000
before,blender_monster,d3d12,2,97,64.753100
before,blender_monster,d3d12,2,98,64.773100
before,blender_monster,d3d12,2,99,64.482300
before,blender_monster,d3d12,2,100,75.639600
before,blender_monster,d3d12,2,101,75.750100
before,blender_monster,d3d12,2,102,67.957600
before,blender_monster,d3d12,2,103,74.877400
before,blender_monster,d3d12,2,104,68.958000
before,blender_monster,d3d12,2,105,67.729200
before,blender_monster,d3d12,2,106,75.725300
before,blender_monster,d3d12,2,107,71.012900
before,blender_monster,d3d12,2,108,65.150500
before,blender_monster,d3d12,2,109,72.452800
before,blender_monster,d3d12,2,110,74.181400
before,blender_monster,d3d12,2,111,71.578200
before,blender_monster,d3d12,2,112,70.072300
before,blender_monster,d3d12,2,113,74.831900
before,blender_monster,d3d12,2,114,74.533200
before,blender_monster,d3d12,2,115,73.985600
before,blender_monster,d3d12,2,116,71.483400
before,blender_monster,d3d12,2,117,76.549100
before,blender_monster,d3d12,2,118,73.546500
before,blender_monster,d3d12,2,119,70.211100
after,blender_monster,vulkan,1,0,3479.873500
after,blender_monster,vulkan,1,1,104.746000
after,blender_monster,vulkan,1,2,101.001000
after,blender_monster,vulkan,1,3,100.004900
after,blender_monster,vulkan,1,4,92.753900
after,blender_monster,vulkan,1,5,98.378500
after,blender_monster,vulkan,1,6,107.162400
after,blender_monster,vulkan,1,7,96.473500
after,blender_monster,vulkan,1,8,98.803800
after,blender_monster,vulkan,1,9,98.806100
after,blender_monster,vulkan,1,10,94.299500
after,blender_monster,vulkan,1,11,98.915900
after,blender_monster,vulkan,1,12,101.844300
after,blender_monster,vulkan,1,13,100.543700
after,blender_monster,vulkan,1,14,92.390500
after,blender_monster,vulkan,1,15,100.569700
after,blender_monster,vulkan,1,16,108.205600
after,blender_monster,vulkan,1,17,101.987900
after,blender_monster,vulkan,1,18,99.148600
after,blender_monster,vulkan,1,19,99.465300
after,blender_monster,vulkan,1,20,96.419700
after,blender_monster,vulkan,1,21,96.893300
after,blender_monster,vulkan,1,22,92.416700
after,blender_monster,vulkan,1,23,101.444600
after,blender_monster,vulkan,1,24,92.356400
after,blender_monster,vulkan,1,25,97.073500
after,blender_monster,vulkan,1,26,95.137600
after,blender_monster,vulkan,1,27,97.573700
after,blender_monster,vulkan,1,28,95.303200
after,blender_monster,vulkan,1,29,100.981200
after,blender_monster,vulkan,1,30,93.428600
after,blender_monster,vulkan,1,31,97.073300
after,blender_monster,vulkan,1,32,98.941000
after,blender_monster,vulkan,1,33,101.747800
after,blender_monster,vulkan,1,34,103.518000
after,blender_monster,vulkan,1,35,102.905100
after,blender_monster,vulkan,1,36,103.219300
after,blender_monster,vulkan,1,37,98.467000
after,blender_monster,vulkan,1,38,100.879500
after,blender_monster,vulkan,1,39,98.835800
after,blender_monster,vulkan,1,40,96.321000
after,blender_monster,vulkan,1,41,97.586700
after,blender_monster,vulkan,1,42,95.291800
after,blender_monster,vulkan,1,43,100.121600
after,blender_monster,vulkan,1,44,103.048900
after,blender_monster,vulkan,1,45,99.530000
after,blender_monster,vulkan,1,46,104.457900
after,blender_monster,vulkan,1,47,99.478700
after,blender_monster,vulkan,1,48,98.557900
after,blender_monster,vulkan,1,49,102.275500
after,blender_monster,vulkan,1,50,96.338000
after,blender_monster,vulkan,1,51,90.144400
after,blender_monster,vulkan,1,52,95.970100
after,blender_monster,vulkan,1,53,96.822600
after,blender_monster,vulkan,1,54,100.589000
after,blender_monster,vulkan,1,55,98.502700
after,blender_monster,vulkan,1,56,103.432300
after,blender_monster,vulkan,1,57,105.255300
after,blender_monster,vulkan,1,58,91.516400
after,blender_monster,vulkan,1,59,100.769300
after,blender_monster,vulkan,1,60,98.544500
after,blender_monster,vulkan,1,61,93.446400
after,blender_monster,vulkan,1,62,101.231100
after,blender_monster,vulkan,1,63,105.902600
after,blender_monster,vulkan,1,64,96.655500
after,blender_monster,vulkan,1,65,100.833100
after,blender_monster,vulkan,1,66,95.302300
after,blender_monster,vulkan,1,67,95.726300
after,blender_monster,vulkan,1,68,97.667200
after,blender_monster,vulkan,1,69,94.920800
after,blender_monster,vulkan,1,70,90.478500
after,blender_monster,vulkan,1,71,91.004700
after,blender_monster,vulkan,1,72,91.512100
after,blender_monster,vulkan,1,73,92.325500
after,blender_monster,vulkan,1,74,90.646500
after,blender_monster,vulkan,1,75,96.772700
after,blender_monster,vulkan,1,76,91.087300
after,blender_monster,vulkan,1,77,90.636400
after,blender_monster,vulkan,1,78,90.505800
after,blender_monster,vulkan,1,79,90.425100
after,blender_monster,vulkan,1,80,90.295500
after,blender_monster,vulkan,1,81,95.952400
after,blender_monster,vulkan,1,82,90.286400
after,blender_monster,vulkan,1,83,90.288300
after,blender_monster,vulkan,1,84,92.757100
after,blender_monster,vulkan,1,85,92.437800
after,blender_monster,vulkan,1,86,92.161800
after,blender_monster,vulkan,1,87,105.544900
after,blender_monster,vulkan,1,88,100.912700
after,blender_monster,vulkan,1,89,97.502300
after,blender_monster,vulkan,1,90,98.564900
after,blender_monster,vulkan,1,91,101.116800
after,blender_monster,vulkan,1,92,99.341700
after,blender_monster,vulkan,1,93,95.752200
after,blender_monster,vulkan,1,94,93.333900
after,blender_monster,vulkan,1,95,100.417100
after,blender_monster,vulkan,1,96,94.977100
after,blender_monster,vulkan,1,97,102.178200
after,blender_monster,vulkan,1,98,104.132400
after,blender_monster,vulkan,1,99,106.256400
after,blender_monster,vulkan,1,100,101.009900
after,blender_monster,vulkan,1,101,94.458000
after,blender_monster,vulkan,1,102,99.084600
after,blender_monster,vulkan,1,103,90.763100
after,blender_monster,vulkan,1,104,102.525800
after,blender_monster,vulkan,1,105,98.205000
after,blender_monster,vulkan,1,106,101.937700
after,blender_monster,vulkan,1,107,95.105400
after,blender_monster,vulkan,1,108,101.058600
after,blender_monster,vulkan,1,109,97.772300
after,blender_monster,vulkan,1,110,98.225700
after,blender_monster,vulkan,1,111,98.462700
after,blender_monster,vulkan,1,112,100.607300
after,blender_monster,vulkan,1,113,97.293700
after,blender_monster,vulkan,1,114,98.816700
after,blender_monster,vulkan,1,115,98.021300
after,blender_monster,vulkan,1,116,103.237500
after,blender_monster,vulkan,1,117,92.301900
after,blender_monster,vulkan,1,118,92.307000
after,blender_monster,vulkan,1,119,100.022700
after,blender_monster,vulkan,2,0,3498.587800
after,blender_monster,vulkan,2,1,108.787000
after,blender_monster,vulkan,2,2,99.952200
after,blender_monster,vulkan,2,3,94.283600
after,blender_monster,vulkan,2,4,99.466700
after,blender_monster,vulkan,2,5,98.931900
after,blender_monster,vulkan,2,6,94.504100
after,blender_monster,vulkan,2,7,99.786200
after,blender_monster,vulkan,2,8,102.540400
after,blender_monster,vulkan,2,9,102.122900
after,blender_monster,vulkan,2,10,100.821600
after,blender_monster,vulkan,2,11,92.014100
after,blender_monster,vulkan,2,12,103.847400
after,blender_monster,vulkan,2,13,102.547100
after,blender_monster,vulkan,2,14,100.666100
after,blender_monster,vulkan,2,15,104.173100
after,blender_monster,vulkan,2,16,94.199100
after,blender_monster,vulkan,2,17,104.250400
after,blender_monster,vulkan,2,18,100.840500
after,blender_monster,vulkan,2,19,96.068700
after,blender_monster,vulkan,2,20,103.141500
after,blender_monster,vulkan,2,21,102.643100
after,blender_monster,vulkan,2,22,103.335200
after,blender_monster,vulkan,2,23,100.621400
after,blender_monster,vulkan,2,24,105.776300
after,blender_monster,vulkan,2,25,102.975900
after,blender_monster,vulkan,2,26,93.340300
after,blender_monster,vulkan,2,27,99.408800
after,blender_monster,vulkan,2,28,96.116400
after,blender_monster,vulkan,2,29,90.615400
after,blender_monster,vulkan,2,30,90.407000
after,blender_monster,vulkan,2,31,106.178400
after,blender_monster,vulkan,2,32,96.469600
after,blender_monster,vulkan,2,33,102.530300
after,blender_monster,vulkan,2,34,105.557200
after,blender_monster,vulkan,2,35,100.217000
after,blender_monster,vulkan,2,36,98.640300
after,blender_monster,vulkan,2,37,98.569300
after,blender_monster,vulkan,2,38,102.345100
after,blender_monster,vulkan,2,39,101.957100
after,blender_monster,vulkan,2,40,92.234200
after,blender_monster,vulkan,2,41,90.278300
after,blender_monster,vulkan,2,42,92.287800
after,blender_monster,vulkan,2,43,99.728500
after,blender_monster,vulkan,2,44,94.548700
after,blender_monster,vulkan,2,45,96.773700
after,blender_monster,vulkan,2,46,92.229800
after,blender_monster,vulkan,2,47,90.385800
after,blender_monster,vulkan,2,48,92.576000
after,blender_monster,vulkan,2,49,90.602200
after,blender_monster,vulkan,2,50,90.556700
after,blender_monster,vulkan,2,51,90.481100
after,blender_monster,vulkan,2,52,90.950100
after,blender_monster,vulkan,2,53,93.979200
after,blender_monster,vulkan,2,54,91.019700
after,blender_monster,vulkan,2,55,91.917400
after,blender_monster,vulkan,2,56,93.045700
after,blender_monster,vulkan,2,57,90.551000
after,blender_monster,vulkan,2,58,90.524900
after,blender_monster,vulkan,2,59,91.361400
after,blender_monster,vulkan,2,60,91.045500
after,blender_monster,vulkan,2,61,90.679600
after,blender_monster,vulkan,2,62,91.456500
after,blender_monster,vulkan,2,63,94.998000
after,blender_monster,vulkan,2,64,101.756000
after,blender_monster,vulkan,2,65,95.843200
after,blender_monster,vulkan,2,66,102.587400
after,blender_monster,vulkan,2,67,96.561700
after,blender_monster,vulkan,2,68,100.572700
after,blender_monster,vulkan,2,69,93.936900
after,blender_monster,vulkan,2,70,101.322400
after,blender_monster,vulkan,2,71,100.702500
after,blender_monster,vulkan,2,72,100.829000
after,blender_monster,vulkan,2,73,100.155400
after,blender_monster,vulkan,2,74,99.582100
after,blender_monster,vulkan,2,75,100.653300
after,blender_monster,vulkan,2,76,101.185700
after,blender_monster,vulkan,2,77,99.932800
after,blender_monster,vulkan,2,78,100.015200
after,blender_monster,vulkan,2,79,99.481100
after,blender_monster,vulkan,2,80,100.210600
after,blender_monster,vulkan,2,81,104.580000
after,blender_monster,vulkan,2,82,100.725100
after,blender_monster,vulkan,2,83,99.541100
after,blender_monster,vulkan,2,84,92.528900
after,blender_monster,vulkan,2,85,100.000600
after,blender_monster,vulkan,2,86,100.458800
after,blender_monster,vulkan,2,87,98.196100
after,blender_monster,vulkan,2,88,91.285900
after,blender_monster,vulkan,2,89,91.055300
after,blender_monster,vulkan,2,90,92.309300
after,blender_monster,vulkan,2,91,93.127200
after,blender_monster,vulkan,2,92,101.542700
after,blender_monster,vulkan,2,93,100.653500
after,blender_monster,vulkan,2,94,98.986300
after,blender_monster,vulkan,2,95,99.953000
after,blender_monster,vulkan,2,96,101.583700
after,blender_monster,vulkan,2,97,105.925100
after,blender_monster,vulkan,2,98,95.327800
after,blender_monster,vulkan,2,99,101.027200
after,blender_monster,vulkan,2,100,96.535100
after,blender_monster,vulkan,2,101,91.022600
after,blender_monster,vulkan,2,102,100.851000
after,blender_monster,vulkan,2,103,98.496800
after,blender_monster,vulkan,2,104,104.312700
after,blender_monster,vulkan,2,105,104.709500
after,blender_monster,vulkan,2,106,100.239300
after,blender_monster,vulkan,2,107,102.027300
after,blender_monster,vulkan,2,108,96.053300
after,blender_monster,vulkan,2,109,101.115200
after,blender_monster,vulkan,2,110,103.981400
after,blender_monster,vulkan,2,111,105.691100
after,blender_monster,vulkan,2,112,99.553000
after,blender_monster,vulkan,2,113,106.172400
after,blender_monster,vulkan,2,114,101.199000
after,blender_monster,vulkan,2,115,90.191900
after,blender_monster,vulkan,2,116,93.852500
after,blender_monster,vulkan,2,117,103.473500
after,blender_monster,vulkan,2,118,98.109600
after,blender_monster,vulkan,2,119,105.044300
before,blender_monster,vulkan,1,0,5018.760300
before,blender_monster,vulkan,1,1,103.327700
before,blender_monster,vulkan,1,2,98.498700
before,blender_monster,vulkan,1,3,96.276400
before,blender_monster,vulkan,1,4,98.974100
before,blender_monster,vulkan,1,5,96.810500
before,blender_monster,vulkan,1,6,99.414700
before,blender_monster,vulkan,1,7,100.947400
before,blender_monster,vulkan,1,8,96.401200
before,blender_monster,vulkan,1,9,93.861200
before,blender_monster,vulkan,1,10,97.355700
before,blender_monster,vulkan,1,11,91.482700
before,blender_monster,vulkan,1,12,98.413100
before,blender_monster,vulkan,1,13,98.215400
before,blender_monster,vulkan,1,14,104.240900
before,blender_monster,vulkan,1,15,94.411000
before,blender_monster,vulkan,1,16,90.379300
before,blender_monster,vulkan,1,17,91.426200
before,blender_monster,vulkan,1,18,104.714500
before,blender_monster,vulkan,1,19,99.455900
before,blender_monster,vulkan,1,20,95.026100
before,blender_monster,vulkan,1,21,93.514300
before,blender_monster,vulkan,1,22,95.986400
before,blender_monster,vulkan,1,23,98.281200
before,blender_monster,vulkan,1,24,100.683100
before,blender_monster,vulkan,1,25,108.880900
before,blender_monster,vulkan,1,26,93.180200
before,blender_monster,vulkan,1,27,101.139400
before,blender_monster,vulkan,1,28,101.440000
before,blender_monster,vulkan,1,29,91.646200
before,blender_monster,vulkan,1,30,102.496900
before,blender_monster,vulkan,1,31,98.945300
before,blender_monster,vulkan,1,32,99.999400
before,blender_monster,vulkan,1,33,111.108400
before,blender_monster,vulkan,1,34,96.610200
before,blender_monster,vulkan,1,35,99.238200
before,blender_monster,vulkan,1,36,92.166200
before,blender_monster,vulkan,1,37,102.937000
before,blender_monster,vulkan,1,38,103.021300
before,blender_monster,vulkan,1,39,94.856300
before,blender_monster,vulkan,1,40,101.401700
before,blender_monster,vulkan,1,41,101.572100
before,blender_monster,vulkan,1,42,108.138300
before,blender_monster,vulkan,1,43,95.784100
before,blender_monster,vulkan,1,44,101.465900
before,blender_monster,vulkan,1,45,100.173000
before,blender_monster,vulkan,1,46,98.925400
before,blender_monster,vulkan,1,47,99.446300
before,blender_monster,vulkan,1,48,105.797400
before,blender_monster,vulkan,1,49,99.300700
before,blender_monster,vulkan,1,50,103.636400
before,blender_monster,vulkan,1,51,99.840900
before,blender_monster,vulkan,1,52,97.861100
before,blender_monster,vulkan,1,53,108.859400
before,blender_monster,vulkan,1,54,96.173400
before,blender_monster,vulkan,1,55,99.788100
before,blender_monster,vulkan,1,56,97.813700
before,blender_monster,vulkan,1,57,97.947000
before,blender_monster,vulkan,1,58,104.731700
before,blender_monster,vulkan,1,59,104.517000
before,blender_monster,vulkan,1,60,97.900900
before,blender_monster,vulkan,1,61,100.798400
before,blender_monster,vulkan,1,62,94.943600
before,blender_monster,vulkan,1,63,99.146700
before,blender_monster,vulkan,1,64,101.540900
before,blender_monster,vulkan,1,65,97.457900
before,blender_monster,vulkan,1,66,97.067700
before,blender_monster,vulkan,1,67,104.190700
before,blender_monster,vulkan,1,68,104.739700
before,blender_monster,vulkan,1,69,98.338900
before,blender_monster,vulkan,1,70,103.323100
before,blender_monster,vulkan,1,71,99.547600
before,blender_monster,vulkan,1,72,103.154800
before,blender_monster,vulkan,1,73,90.665400
before,blender_monster,vulkan,1,74,91.897800
before,blender_monster,vulkan,1,75,100.014900
before,blender_monster,vulkan,1,76,104.054400
before,blender_monster,vulkan,1,77,98.006500
before,blender_monster,vulkan,1,78,95.855700
before,blender_monster,vulkan,1,79,96.106800
before,blender_monster,vulkan,1,80,92.953700
before,blender_monster,vulkan,1,81,96.222000
before,blender_monster,vulkan,1,82,98.589600
before,blender_monster,vulkan,1,83,99.349700
before,blender_monster,vulkan,1,84,95.534800
before,blender_monster,vulkan,1,85,96.560800
before,blender_monster,vulkan,1,86,98.943900
before,blender_monster,vulkan,1,87,102.459600
before,blender_monster,vulkan,1,88,98.406200
before,blender_monster,vulkan,1,89,90.987400
before,blender_monster,vulkan,1,90,96.282900
before,blender_monster,vulkan,1,91,101.959400
before,blender_monster,vulkan,1,92,98.594300
before,blender_monster,vulkan,1,93,104.122400
before,blender_monster,vulkan,1,94,98.285900
before,blender_monster,vulkan,1,95,99.297100
before,blender_monster,vulkan,1,96,96.394500
before,blender_monster,vulkan,1,97,99.978600
before,blender_monster,vulkan,1,98,103.087000
before,blender_monster,vulkan,1,99,96.518200
before,blender_monster,vulkan,1,100,98.138200
before,blender_monster,vulkan,1,101,100.731000
before,blender_monster,vulkan,1,102,104.518500
before,blender_monster,vulkan,1,103,96.350900
before,blender_monster,vulkan,1,104,91.202400
before,blender_monster,vulkan,1,105,95.697500
before,blender_monster,vulkan,1,106,99.280000
before,blender_monster,vulkan,1,107,96.246900
before,blender_monster,vulkan,1,108,98.783100
before,blender_monster,vulkan,1,109,91.374600
before,blender_monster,vulkan,1,110,98.839200
before,blender_monster,vulkan,1,111,103.595600
before,blender_monster,vulkan,1,112,95.207700
before,blender_monster,vulkan,1,113,92.809300
before,blender_monster,vulkan,1,114,100.766000
before,blender_monster,vulkan,1,115,99.015300
before,blender_monster,vulkan,1,116,96.471400
before,blender_monster,vulkan,1,117,93.107900
before,blender_monster,vulkan,1,118,100.702600
before,blender_monster,vulkan,1,119,103.608800
before,blender_monster,vulkan,2,0,3213.282600
before,blender_monster,vulkan,2,1,114.570100
before,blender_monster,vulkan,2,2,90.420900
before,blender_monster,vulkan,2,3,90.364800
before,blender_monster,vulkan,2,4,91.552400
before,blender_monster,vulkan,2,5,95.598700
before,blender_monster,vulkan,2,6,90.974800
before,blender_monster,vulkan,2,7,89.956300
before,blender_monster,vulkan,2,8,90.077800
before,blender_monster,vulkan,2,9,90.191700
before,blender_monster,vulkan,2,10,92.056100
before,blender_monster,vulkan,2,11,90.946400
before,blender_monster,vulkan,2,12,90.443500
before,blender_monster,vulkan,2,13,90.517300
before,blender_monster,vulkan,2,14,90.023800
before,blender_monster,vulkan,2,15,92.050400
before,blender_monster,vulkan,2,16,92.429900
before,blender_monster,vulkan,2,17,90.159900
before,blender_monster,vulkan,2,18,90.294400
before,blender_monster,vulkan,2,19,90.023500
before,blender_monster,vulkan,2,20,91.676400
before,blender_monster,vulkan,2,21,90.693900
before,blender_monster,vulkan,2,22,90.856000
before,blender_monster,vulkan,2,23,90.758400
before,blender_monster,vulkan,2,24,94.016400
before,blender_monster,vulkan,2,25,92.511600
before,blender_monster,vulkan,2,26,100.012400
before,blender_monster,vulkan,2,27,98.081900
before,blender_monster,vulkan,2,28,97.005800
before,blender_monster,vulkan,2,29,97.257900
before,blender_monster,vulkan,2,30,96.302900
before,blender_monster,vulkan,2,31,99.659600
before,blender_monster,vulkan,2,32,95.356900
before,blender_monster,vulkan,2,33,95.256700
before,blender_monster,vulkan,2,34,94.669700
before,blender_monster,vulkan,2,35,94.336100
before,blender_monster,vulkan,2,36,95.873800
before,blender_monster,vulkan,2,37,101.727500
before,blender_monster,vulkan,2,38,97.816700
before,blender_monster,vulkan,2,39,95.947400
before,blender_monster,vulkan,2,40,98.476700
before,blender_monster,vulkan,2,41,97.274700
before,blender_monster,vulkan,2,42,95.980000
before,blender_monster,vulkan,2,43,101.388100
before,blender_monster,vulkan,2,44,99.660800
before,blender_monster,vulkan,2,45,92.991700
before,blender_monster,vulkan,2,46,99.307400
before,blender_monster,vulkan,2,47,93.116100
before,blender_monster,vulkan,2,48,96.999000
before,blender_monster,vulkan,2,49,97.751700
before,blender_monster,vulkan,2,50,99.426900
before,blender_monster,vulkan,2,51,100.872200
before,blender_monster,vulkan,2,52,99.863700
before,blender_monster,vulkan,2,53,93.674800
before,blender_monster,vulkan,2,54,95.066000
before,blender_monster,vulkan,2,55,93.163200
before,blender_monster,vulkan,2,56,98.731600
before,blender_monster,vulkan,2,57,98.335700
before,blender_monster,vulkan,2,58,94.956000
before,blender_monster,vulkan,2,59,99.424200
before,blender_monster,vulkan,2,60,97.364300
before,blender_monster,vulkan,2,61,99.914500
before,blender_monster,vulkan,2,62,99.895800
before,blender_monster,vulkan,2,63,90.845800
before,blender_monster,vulkan,2,64,98.802300
before,blender_monster,vulkan,2,65,95.911400
before,blender_monster,vulkan,2,66,94.633700
before,blender_monster,vulkan,2,67,97.803800
before,blender_monster,vulkan,2,68,96.553400
before,blender_monster,vulkan,2,69,95.862600
before,blender_monster,vulkan,2,70,98.563500
before,blender_monster,vulkan,2,71,98.994000
before,blender_monster,vulkan,2,72,99.452200
before,blender_monster,vulkan,2,73,97.993600
before,blender_monster,vulkan,2,74,96.452700
before,blender_monster,vulkan,2,75,97.632600
before,blender_monster,vulkan,2,76,94.047300
before,blender_monster,vulkan,2,77,98.379600
before,blender_monster,vulkan,2,78,95.621800
before,blender_monster,vulkan,2,79,97.371400
before,blender_monster,vulkan,2,80,95.204000
before,blender_monster,vulkan,2,81,96.832000
before,blender_monster,vulkan,2,82,90.663700
before,blender_monster,vulkan,2,83,100.129300
before,blender_monster,vulkan,2,84,96.850300
before,blender_monster,vulkan,2,85,98.402200
before,blender_monster,vulkan,2,86,96.898600
before,blender_monster,vulkan,2,87,97.056100
before,blender_monster,vulkan,2,88,96.673000
before,blender_monster,vulkan,2,89,94.264600
before,blender_monster,vulkan,2,90,97.165900
before,blender_monster,vulkan,2,91,95.437500
before,blender_monster,vulkan,2,92,93.381400
before,blender_monster,vulkan,2,93,97.426200
before,blender_monster,vulkan,2,94,97.087000
before,blender_monster,vulkan,2,95,99.281000
before,blender_monster,vulkan,2,96,95.475100
before,blender_monster,vulkan,2,97,95.933600
before,blender_monster,vulkan,2,98,98.032200
before,blender_monster,vulkan,2,99,99.077100
before,blender_monster,vulkan,2,100,97.129400
before,blender_monster,vulkan,2,101,98.546600
before,blender_monster,vulkan,2,102,98.333600
before,blender_monster,vulkan,2,103,99.438300
before,blender_monster,vulkan,2,104,96.462000
before,blender_monster,vulkan,2,105,99.923600
before,blender_monster,vulkan,2,106,95.570300
before,blender_monster,vulkan,2,107,90.892800
before,blender_monster,vulkan,2,108,94.705200
before,blender_monster,vulkan,2,109,91.885900
before,blender_monster,vulkan,2,110,98.667500
before,blender_monster,vulkan,2,111,98.437700
before,blender_monster,vulkan,2,112,97.582800
before,blender_monster,vulkan,2,113,93.091300
before,blender_monster,vulkan,2,114,98.494500
before,blender_monster,vulkan,2,115,96.225600
before,blender_monster,vulkan,2,116,93.368900
before,blender_monster,vulkan,2,117,95.544900
before,blender_monster,vulkan,2,118,96.335100
before,blender_monster,vulkan,2,119,97.428700
